CLIENTE,ORDEN DE PIORIDAD,CONTACTADO (SI/NO),RESPUESTA SI/NO,ESTADO,LICITA (SI/NO),VIANDA/COMEDOR,PROVEEDOR ACTUAL,FECHA VOLVER A CONTACTAR,FECHA ULTIMO CONTACTO,CONTACTO PERSONAL,MAIL,CELULAR,nombre,CALENDARIZADO,COMENTARIOS,LOCALIDAD,DIRECCIÓN / REFERENCIA,FUENTE,OBSERVACIONES DEL RELEVAMIENTO,TIPO DE CORREO
Zapata Hnos. S.A.,,,,,,,,,,,oficinatecnica@zapatahnossa.com.ar,,,,,Ramallo / COMIRSA,,,,
YPF,,,,,,,,,,,TerminalSanLorenzo@ypf.com,,,,,San Lorenzo,,,,
YO AMO MI CIUDAD,,,,,,,,,,,yoamomiciudad.sanlorenzo@gmail.com,,,,,San Lorenzo,,,,
YGS CAPACITACIÓN Y CONSULTORÍA,,,,,,,,,,,info@ygs-group.com.ar,,,,,Capitán Bermúdez,,,,
WILLIAMS ENTREGAS S.A.,,,,,,,,,,,rrhh@williamsagroservicios.com.ar,,,,,San Lorenzo,,,,
WERK PIÑEIRO,1,NO,,,,,,,,,,,,,,,,,,
WATCHMAN,,,,,,,,,,,avalero@watchman.com.ar,,,,,Rosario,,,,
Vipal Cauchos,,,,,,,,,,,vipal@vipal.com.ar,,,,,Pérez,,,,
VENTILAR S.A.,,,,,,,,,,,ventilarsa@ventilarsa.com.ar,,,,,San Lorenzo,,,,
VENETUCCI,,,,,,,,,,,info@venetucci.net,,,,,San Lorenzo,,,,
VARTECO QUÍMICA PUNTANA,,,,,,,,,,,gcanavesio@varteco.com.ar,,,,,San Lorenzo,,,,
UNITEC BIO,,,,,,,,,,,info@unitecbio.com,,,,,Puerto General San Martín,,,,
UNIDADES MÓVILES SAN LORENZO S.R.L.,,,,,,,,,,,,,,,,San Lorenzo,,,,
Transelec,,,,,,,,,,,mkarle@transelec.com.ar,,,,,Pérez,,,,
TRANEF,,,,,,,,,,,info@tranef.com.ar,,,,,San Lorenzo,,,,
TORK,,,,,,,,,,,administracion@torksa.com,,,,,San Lorenzo,,,,
TIGUAN S.A.,,,,,,,,,,,tecnica@tiguan.com.ar,,,,,Rosario,,,,
Testatec,,,,,,,,,,,info@testatec.com.ar,,,,,Ramallo / COMIRSA,,,,
TERSUAVE,3,NO,,,si,,,,,,,3415627117,eugenia,,,,,,,
Ternium — Centro Industrial San Nicolás,,,,,,,,,,,,,,,,San Nicolás,,,,
Ternium — Centro Industrial Rosario,,,,,,,,,,,,,,,,Rosario,,,,
TERMINALES Y SERVICIOS,,,,,,,,,,,postulaciones@terminalesyservicios.com.ar,,,,,Timbúes,,,,
Terminal Puerto Rosario (TPR),,,,,,,,,,,info@tpr.com.ar,,,,,Rosario,,,,
TERMINAL 6,,,,,,,,,,,term6@terminal6.com.ar,,,,,Puerto General San Martín,,,,
TENSAR,2,NO,,,,,,,,,,,,,,,,,,
TECNUAR S.R.L.,,,,,,,,,,,,,,,,San Lorenzo,,,,
TAKAY KAIPI S.A.,,,,,,,,,,,,,,,,San Lorenzo,,,,
TAGMAS Publicidad,,,,,,,,,,,scatini@tagmas.com,,,,,Rosario,,,,
SYLOPER,,,,,,,,,,,info@syloper.com,,,,,Rosario,,,,
SUX SOLAR,,,,,,,,,,,comercial@suxsolar.com.ar,,,,,Funes,,,,
styropek,1,NO,,,,,,,,,,3413680150,silvina,,,,,,,
STC INVERSIONES,,,,,,,,,,,info@stcinversiones.com.ar,,,,,Rosario,,,,
Sport 78 · Digital Sport,,,,,,,,,,,,,,,,Pérez,,,,
SOLMEC,,,,,,,,,,,admin@solmecsa.com.ar,,,,,Puerto General San Martín,,,,
SOLAMB,,,,,,,,,,,rrhh@solamb.com.ar,,,,,San Lorenzo,,,,
SOL INGENIERÍA S.R.L.,,,,,,,,,,,sol@solingenieria.com.ar,,,,,San Lorenzo,,,,
SOIME,,,,,,,,,,,info@soime.com.ar,,,,,Fray Luis Beltrán,,,,
SMP SEGURIDAD,,,,,,,,,,,fduringer@smpargentina.com,,,,,Rosario,,,,
SL LOGISTICS S.A.,,,,,,,,,,,,,,,,San Lorenzo,,,,
SKF,1,SI,SI,EN CONVERSACION,,VIANDAS,MARTA CURA,,,,,3415502588,ACUÑA HECTOR,,VIANDAS AL VACIO Y VEHICULO REFRIGERADO,,,,,
SISGRA,,,,,,,,,,,sisgra@sisgra.com.ar,,,,,Rosario,,,,
SIRIUS CONSULTORES,,,,,,,,,,,njbelfiore@yahoo.com.ar,,,,,San Lorenzo,,,,
Sipar,2,NO,,,,,,,,,,,,,,,,,,
SINERGIA SERVICIOS,,,,,,,,,,,info@sinergiaservicios.com.ar,,,,,San Lorenzo,,,,
SILCAR,1,si,SI,ENVIAR PRESUPUESTO,NO,,,,,,llanieri@gruposilcar.com,3415454946,fernando,,VIANDAS,,,,,
SIECONS INGENIERÍA,,,,,,,,,,,administracion@siecons.com,,,,,Rosario,,,,
SERVICIOS NV,,,,,,,,,,,administracion@serviciosnv.com,,,,,Rosario,,,,
SERVICIOS INGENIERÍA PUERTO,,,,,,,,,,,administracion@consultoriasip.com.ar,,,,,Puerto General San Martín,,,,
SERVICIOS ER S.R.L.,,,,,,,,,,,,,,,,San Lorenzo,,,,
SERVICIOS ELECTRICOS MAYLA,,,,,,,,,,,info@maylasrl.com.ar,,,,,Rosario,,,,
SERVI RIO,,,,,,,,,,,sanlorenzo@servirio.com.ar,,,,,Aldao,,,,
SERVAL S.R.L.,,,,,,,,,,,,,,,,San Lorenzo,,,,
SEMAC CONSTRUCCIONES S.A.,,,,,,,,,,,obras@brayco.com.ar,,,,,San Lorenzo,,,,
SELECTA,,,,,,,,,,,bruno.gazze@selectaargentina.com,,,,,San Lorenzo,,,,
SEGURIDAD Y RESGUARDO S.R.L.,,,,,,,,,,,,,,,,San Lorenzo,,,,
SAVYC S.A.,,,,,,,,,,,gerencia@savycsa.com.ar,,,,,Rosario,,,,
SAURO CONSTRUCCIONES S.R.L.,,,,,,,,,,,hernanobras@hotmail.com,,,,,Rosario,,,,
SANIMAT PIÑEIRO,1,si,aceptada,arranca oct,no,,,,,,,3416138482,abbud turco (titualar),,,,,,,
Sacchi,,,,,,,,,,,info@sacchiweb.com.ar,,,,,Pérez,"Parque Industrial Metropolitano, Av. Las Palmeras 1452",https://pimetropolitano.com/empresas/,Dirección del parque; lote individual no publicado; tamaño a validar,Contacto general
S&D OBRAS Y SERVICIOS S.A.,,,,,,,,,,,carlosdestefanis@sdingenieria.com.ar,,,,,Rosario,"Parque Industrial Metropolitano, Av. Las Palmeras 1452",https://pimetropolitano.com/empresas/,Dirección del parque; lote individual no publicado; tamaño a validar,Comercial / compras
RV OBRAS Y SERVICIOS S.A.,,,,,,,,,,,rtorres@suelosyescorias.com,,,,,Alvear,"Parque Industrial Metropolitano, Av. Las Palmeras 1452",https://pimetropolitano.com/empresas/,Dirección del parque; lote individual no publicado; tamaño a validar,Contacto general
ROVIAL,1,NO,,,,,,,,,,,,,,,"Parque Industrial Metropolitano, Av. Las Palmeras 1452",https://pimetropolitano.com/empresas/,Dirección del parque; lote individual no publicado; tamaño a validar,Contacto general
Rosarpin,,,,,,,,,,,rosarpin@rosarpin.com.ar,,,,,Pérez,"Parque Industrial Metropolitano, Av. Las Palmeras 1452",https://pimetropolitano.com/empresas/,Dirección del parque; lote individual no publicado; tamaño a validar,Contacto general
RINAUDO CIA.CONSTRUCTORA S.R.L.,,,,,,,,,,,edgardo@rinaudoconstructora.com.ar,,,,,Rosario,"Av. Las Palmeras 1452, lote 57, Parque Industrial Metropolitano, Pérez",https://pimetropolitano.com/empresas/ | https://colvinil.com.ar/index.php?route=information%2Fcontact,Dirección del parque; lote individual no publicado; tamaño a validar; correo público verificado,Contacto general
RENTAL SUR,,,,,,,,,,,ale.rentalsur@gmail.com,,,,,San Lorenzo,"Parque Industrial Metropolitano, Av. Las Palmeras 1452",https://pimetropolitano.com/empresas/,Dirección del parque; lote individual no publicado; tamaño a validar,Contacto general
RENOVA electroluz,1,NO,,,,,,,,,,3498437598,,,,,"Av. Las Palmeras 1452, unidades 25, 28 y 34, Parque Industrial Metropolitano, Pérez",https://pimetropolitano.com/empresas/ | https://www.exposanjuan.com.ar/en/company/cormetal,Dirección del parque; lote individual no publicado; tamaño a validar; correo público verificado,Contacto general
RECAPADORA SAN LORENZO S.R.L.,,,,,,,,,,,,,,,,San Lorenzo,"Parque Industrial Metropolitano, Av. Las Palmeras 1452",https://pimetropolitano.com/empresas/,Dirección del parque; lote individual no publicado; tamaño a validar,Contacto general
rava,,NO,,,,,,,,,,,,,,,"Parque Industrial Metropolitano, Av. Las Palmeras 1452",https://pimetropolitano.com/empresas/,Dirección del parque; lote individual no publicado; tamaño a validar,Contacto general
RANDSTAD,,,,,,,,,,,info@randstad.com.ar,,,,,San Lorenzo,"Parque Industrial Metropolitano, Av. Las Palmeras 1452",https://pimetropolitano.com/empresas/,Dirección del parque; lote individual no publicado; tamaño a validar,Contacto general
RANDOM,1,NO,,avergiuar,NO,,,,,,maria.rodriguez@randon.com.ar,,,,COMEDOR,,"Parque Industrial Metropolitano, Av. Las Palmeras 1452",https://pimetropolitano.com/empresas/,Dirección del parque; lote individual no publicado; tamaño a validar,Comercial / compras
R. y R. SERVICIOS,,,,,,,,,,,administracion@ryrsrl.com,,,,,Ricardone,"Parque Industrial Metropolitano, Av. Las Palmeras 1452",https://pimetropolitano.com/empresas/,Dirección del parque; lote individual no publicado; tamaño a validar,Comercial / compras
QMS LATAM,,,,,,,,,,,qms@qmslatam.com,,,,,Rosario,"Parque Industrial Metropolitano, Av. Las Palmeras 1452",https://pimetropolitano.com/empresas/,Dirección del parque; lote individual no publicado; tamaño a validar,Comercial / compras
Puerto ADM S.R.L,1,NO,,,SI,VIANDA,,,,,,34022514264,ANDRES,,VIANDAS,,"Parque Industrial Metropolitano, Av. Las Palmeras 1452",https://pimetropolitano.com/empresas/,Dirección del parque; lote individual no publicado; tamaño a validar,Contacto general
PROYECCIÓN ELECTROLUZ S.R.L.,,,,,,,,,,,,,,,,San Lorenzo,"Parque Industrial Metropolitano, Av. Las Palmeras 1452",https://pimetropolitano.com/empresas/,Dirección del parque; lote individual no publicado; tamaño a validar,Contacto general
PROSEGUR,1,NO,,,,,,,,,,3412826157,,,VIANDAS,,"Parque Industrial Metropolitano, Av. Las Palmeras 1452",https://pimetropolitano.com/empresas/,Dirección del parque; lote individual no publicado; tamaño a validar,Contacto general
PROFERTIL,,,,,,,,,,,profertil@profertil.com.ar,,,,,Puerto General San Martín,"Parque Industrial Metropolitano, Av. Las Palmeras 1452",https://pimetropolitano.com/empresas/,Dirección del parque; lote individual no publicado; tamaño a validar,Contacto general
Prodinsa Argentina S.A.,,,,,,,,,,,info@prodinsa.com.ar,,,,,Piñero,"Parque Industrial Metropolitano, Av. Las Palmeras 1452",https://pimetropolitano.com/empresas/,Dirección del parque; lote individual no publicado; tamaño a validar,Contacto general
PROAS S.R.L.,,,,,,,,,,,administracion@proassrl.com.ar,,,,,Rosario,"Parque Industrial Metropolitano, Av. Las Palmeras 1452",https://pimetropolitano.com/empresas/,Dirección del parque; lote individual no publicado; tamaño a validar,Contacto general
Proagro,,,,,,,,,,,info@proagrolab.com.ar,,,,,Pérez,"Parque Industrial Metropolitano, Av. Las Palmeras 1452",https://pimetropolitano.com/empresas/,Dirección del parque; lote individual no publicado; tamaño a validar,Comercial / compras
PRO GLOBAL,1,NO,,avergiuar,NO,,,,,,rosario.rrhh@proglobal.com,,,,COMEDOR,,"Av. Las Palmeras 1452, lotes 54–55, Parque Industrial Metropolitano, Pérez",https://pimetropolitano.com/empresas/ | https://voran.com.ar/pages/politicas-de-privacidad,Dirección del parque; lote individual no publicado; tamaño a validar; correo público verificado,Contacto general
PRETENSADOS LITORAL S.A.S.,,,,,,,,,,,,,,,,San Lorenzo,"Parque Industrial Metropolitano, Av. Las Palmeras 1452",https://pimetropolitano.com/empresas/,Dirección del parque; lote individual no publicado; tamaño a validar,Contacto general
PRAT CONSTRUCCIONES S.A.,,,,,,,,,,,nacho_ra@hotmail.com,,,,,Rosario,"Parque Industrial Metropolitano, Av. Las Palmeras 1452",https://pimetropolitano.com/empresas/,Dirección del parque; lote individual no publicado; tamaño a validar,Contacto general
POSE S.A.,,,,,,,,,,,licitaciones.posesa@gmail.com,,,,,Rosario,"Parque Industrial Metropolitano, Av. Las Palmeras 1452",https://pimetropolitano.com/empresas/,Dirección del parque; lote individual no publicado; tamaño a validar,Contacto general
POLEAS MIOR,,,,,,,,,,,info@poleasmior.com.ar,,,,,San Lorenzo,"Parque Industrial Metropolitano, Av. Las Palmeras 1452",https://pimetropolitano.com/empresas/,Dirección del parque; lote individual no publicado; tamaño a validar,Comercial / compras
PLANARCO S.R.L.,,,,,,,,,,,mmartinovic@planarco.com.ar,,,,,Rosario,"Parque Industrial Metropolitano, Av. Las Palmeras 1452",https://pimetropolitano.com/empresas/,Dirección del parque; lote individual no publicado; tamaño a validar,Comercial / compras
Pinturas San Agustin,,,,,,,,,,,sucursalrosario@gruposanagustin.com.ar,,,,,Pérez,"Parque Industrial Metropolitano, Av. Las Palmeras 1452",https://pimetropolitano.com/empresas/,Dirección del parque; lote individual no publicado; tamaño a validar,Contacto general
PINTAR,,,,,,,,,,,info@pintarsrl.com.ar,,,,,San Lorenzo,"Parque Industrial Metropolitano, Av. Las Palmeras 1452",https://pimetropolitano.com/empresas/,Dirección del parque; lote individual no publicado; tamaño a validar,Contacto general
PILAR CONSTRUCCIONES S.R.L.,,,,,,,,,,,pilarconstruccionessrl@hotmail.com,,,,,Rosario,"Parque Industrial Metropolitano, Av. Las Palmeras 1452",https://pimetropolitano.com/empresas/,Dirección del parque; lote individual no publicado; tamaño a validar,Contacto general
PH CONSTRUCTORA S.R.L.,,,,,,,,,,,phconstructorasrl@gmail.com,,,,,Rosario,"Parque Industrial Metropolitano, Av. Las Palmeras 1452",https://pimetropolitano.com/empresas/,Dirección del parque; lote individual no publicado; tamaño a validar,Contacto general
PESAR S.R.L.,,,,,,,,,,,,,,,,San Lorenzo,"Parque Industrial Metropolitano, Av. Las Palmeras 1452",https://pimetropolitano.com/empresas/,Dirección del parque; lote individual no publicado; tamaño a validar,Comercial / compras
PELLEGRINI MONTAJES S.R.L.,,,,,,,,,,,pellegrinimontajes@fibertel.com.ar,,,,,Rosario,"Parque Industrial Metropolitano, Av. Las Palmeras 1452",https://pimetropolitano.com/empresas/,Dirección del parque; lote individual no publicado; tamaño a validar,Sin correo público
PEITEL S.A.,,,,,,,,,,,recepcion@peitel.com.ar,,,,,San Lorenzo,"Parque Industrial Metropolitano, Av. Las Palmeras 1452",https://pimetropolitano.com/empresas/,Dirección del parque; lote individual no publicado; tamaño a validar,Contacto general
PECAM PIÑEIRO,1,si,sin respuesta,,,,,,,,,,,,,,"Parque Industrial Metropolitano, Av. Las Palmeras 1452",https://pimetropolitano.com/empresas/,Dirección del parque; lote individual no publicado; tamaño a validar,Contacto general
PATRICELLI PABLO S.A.,,,,,,,,,,,,,,,,San Lorenzo,"Parque Industrial San Lorenzo, RP 25 y Autopista Rosario–Santa Fe (lote no publicado)",https://pisanlorenzo.com/empresas,Parque: instalada o en proceso de radicación; confirmar estado y lote,Sin correo público
PATAGONIA BIOENERGÍA,,,,,,,,,,,info@patagoniabioenergia.com.ar,,,,,Rosario,"Parque Industrial San Lorenzo, RP 25 y Autopista Rosario–Santa Fe (lote no publicado)",https://pisanlorenzo.com/empresas,Parque: instalada o en proceso de radicación; confirmar estado y lote,Sin correo público
PALCON,,,,,,,,,,,info@palcon.com.ar,,,,,San Lorenzo,"Parque Industrial San Lorenzo, RP 25 y Autopista Rosario–Santa Fe (lote no publicado)",https://pisanlorenzo.com/empresas,Parque: instalada o en proceso de radicación; confirmar estado y lote,Sin correo público
P.G.S. S.A.,,,,,,,,,,,hdacunto@pgssa.com.ar,,,,,Rosario,"Parque Industrial San Lorenzo, RP 25 y Autopista Rosario–Santa Fe (lote no publicado)",https://pisanlorenzo.com/empresas,Parque: instalada o en proceso de radicación; confirmar estado y lote,Sin correo público
Otaño Hermanos,,,,,,,,,,,recepcion@otanohnos.com.ar,,,,,Pérez,"Parque Industrial San Lorenzo, RP 25 y Autopista Rosario–Santa Fe (lote no publicado)",https://pisanlorenzo.com/empresas,Parque: instalada o en proceso de radicación; confirmar estado y lote,Sin correo público
OSVALDO LUIS SANTILLI E HIJOS S.A.C.F.A.,,,,,,,,,,,,,,,,San Lorenzo,"Parque Industrial San Lorenzo, RP 25 y Autopista Rosario–Santa Fe (lote no publicado)",https://pisanlorenzo.com/empresas,Parque: instalada o en proceso de radicación; confirmar estado y lote,Sin correo público
Olympic San Luis SA,,,,,,,,,,,ventas@olympicsanluis.com.ar,,,,,Pérez,"Parque Industrial San Lorenzo, RP 25 y Autopista Rosario–Santa Fe (lote no publicado)",https://pisanlorenzo.com/empresas,Parque: instalada o en proceso de radicación; confirmar estado y lote,Sin correo público
OLIMAR,,,,,,,,,,,olimar_sanlorenzo@yahoo.com.ar,,,,,San Lorenzo,"Parque Industrial San Lorenzo, RP 25 y Autopista Rosario–Santa Fe (lote no publicado)",https://pisanlorenzo.com/empresas,Parque: instalada o en proceso de radicación; confirmar estado y lote,Sin correo público
OLEXGLOBAL S.A.,,,,,,,,,,,,,,,,San Lorenzo,"Parque Industrial San Lorenzo, RP 25 y Autopista Rosario–Santa Fe (lote no publicado)",https://pisanlorenzo.com/empresas,Parque: instalada o en proceso de radicación; confirmar estado y lote,Sin correo público
OLEOHIDRAULICA MARWAL,,,,,,,,,,,,,,,,San Lorenzo,CORDOBA 3627,https://www.santafe.gob.ar/index.php/web/content/download/278857/1446192/file/PADRON%20EMPRESAS%20SANTAFESINAS.pdf,Domicilio declarado en padrón provincial (abril 2026),Contacto general
OIL CONTROL S.A.,,,,,,,,,,,info@oilcontrol.com.ar,,,,,San Lorenzo,"Parque Industrial San Lorenzo, RP 25 y Autopista Rosario–Santa Fe (lote no publicado)",https://pisanlorenzo.com/empresas,Parque: instalada o en proceso de radicación; confirmar estado y lote,Sin correo público
OBRING AEROPUERTO,1,NO,,,,,,,,,,,,,,,"Parque Industrial San Lorenzo, RP 25 y Autopista Rosario–Santa Fe (lote no publicado)",https://pisanlorenzo.com/empresas,Parque: instalada o en proceso de radicación; confirmar estado y lote,Sin correo público
OBRING ,1,NO,,NECESITAMOS UNA REUNION PRESENCIAL,,,,,,,,,,,,,"Parque Industrial San Lorenzo, RP 25 y Autopista Rosario–Santa Fe (lote no publicado)",https://pisanlorenzo.com/empresas,Parque: instalada o en proceso de radicación; confirmar estado y lote,Sin correo público
NUEVO VICENTIN ARGENTINA,,,,,,,,,,,,,,,,San Lorenzo,"Parque Industrial San Lorenzo, RP 25 y Autopista Rosario–Santa Fe (lote no publicado)",https://pisanlorenzo.com/empresas,Parque: instalada o en proceso de radicación; confirmar estado y lote,Sin correo público
NOURYON,,,,,,,,,,,info@nouryon.com,,,,,San Lorenzo,"Parque Industrial San Lorenzo, RP 25 y Autopista Rosario–Santa Fe (lote no publicado)",https://pisanlorenzo.com/empresas,Parque: instalada o en proceso de radicación; confirmar estado y lote,Sin correo público
NN INGENIERÍA,,,,,,,,,,,nningenieria@outlook.com,,,,,San Lorenzo,"Parque Industrial San Lorenzo, RP 25 y Autopista Rosario–Santa Fe (lote no publicado)",https://pisanlorenzo.com/empresas,Parque: instalada o en proceso de radicación; confirmar estado y lote,Sin correo público
Nibbler SRL,,,,,,,,,,,ventas@nibbler.com.ar,,,,,Pérez,"Parque Industrial San Lorenzo, lote 102, San Lorenzo",https://pisanlorenzo.com/empresas | https://www.ingenieriaboggio.com.ar/contactus,Parque: instalada o en proceso de radicación; confirmar estado y lote; correo público verificado,Contacto sede San Lorenzo
NEQUEN SAN LORENZO,,,,,,,,,,,Jeronimo.martinezbo@nequensa.com.ar,,,,,San Lorenzo,"Parque Industrial San Lorenzo, RP 25 y Autopista Rosario–Santa Fe (lote no publicado)",https://pisanlorenzo.com/empresas,Parque: instalada o en proceso de radicación; confirmar estado y lote,Sin correo público
Neoris,1,NO,,,,,,,,,,,,,,,"Parque Industrial San Lorenzo, RP 25 y Autopista Rosario–Santa Fe (lote no publicado)",https://pisanlorenzo.com/empresas,Parque: instalada o en proceso de radicación; confirmar estado y lote,Sin correo público
NEHCON CONSTRUCCIONES S.R.L.,,,,,,,,,,,nehconconstruccionessrl@gmail.com,,,,,Rosario,"Parque Industrial San Lorenzo, RP 25 y Autopista Rosario–Santa Fe (lote no publicado)",https://pisanlorenzo.com/empresas,Parque: instalada o en proceso de radicación; confirmar estado y lote,Sin correo público
MUNDO CONSTRUCCIONES ,1,SI,NO,,,,,,,,maidana@mundo-sa.com.ar,,,,VIENE A LA CARCEL DE PINEIRO,,"Parque Industrial San Lorenzo, RP 25 y Autopista Rosario–Santa Fe (lote no publicado)",https://pisanlorenzo.com/empresas,Parque: instalada o en proceso de radicación; confirmar estado y lote,Sin correo público
MTR S.A. Logística Portuaria,,,,,,,,,,,consultas@mtr-sa.com.ar,,,,,Ramallo / COMIRSA,"Parque Industrial San Lorenzo, RP 25 y Autopista Rosario–Santa Fe (lote no publicado)",https://pisanlorenzo.com/empresas,Parque: instalada o en proceso de radicación; confirmar estado y lote,Sin correo público
MS VINILOS,,,,,,,,,,,msvinilosdeco@gmail.com,,,,,San Lorenzo,"Parque Industrial San Lorenzo, RP 25 y Autopista Rosario–Santa Fe (lote no publicado)",https://pisanlorenzo.com/empresas,Parque: instalada o en proceso de radicación; confirmar estado y lote,Sin correo público
MRT TRANSPORTE,,,,,,,,,,,mrtsanlorenzo@grupoberaldi.com,,,,,Puerto Gral. San Martín,"Parque Industrial San Lorenzo, RP 25 y Autopista Rosario–Santa Fe (lote no publicado)",https://pisanlorenzo.com/empresas,Parque: instalada o en proceso de radicación; confirmar estado y lote,Sin correo público
MoviPort S.A.,,,,,,,,,,,rrhh@moviportsa.com.ar,,,,,San Nicolás,"España 550, San Lorenzo",https://pisanlorenzo.com/empresas | https://www.petro-quimica.com.ar/distribucion-digital/404/revista_petroquimica_edicion_404.pdf,Parque: instalada o en proceso de radicación; confirmar estado y lote; correo público verificado,Contacto general
Morelli,,,,,,,,,,,melisa@morelli.com.ar,,,,,Pérez,"Parque Industrial San Lorenzo, RP 25 y Autopista Rosario–Santa Fe (lote no publicado)",https://pisanlorenzo.com/empresas | https://mongesa.com.ar/contacto/,Parque: instalada o en proceso de radicación; confirmar estado y lote; correo público verificado,RR.HH.
MONTARFE,,,,,,,,,,,ventas@montarfesrl.com.ar,,,,,Puerto General San Martín,"San Juan 323, San Lorenzo",https://pisanlorenzo.com/empresas | https://oilcontrol.com.ar/website/contacto,Parque: instalada o en proceso de radicación; confirmar estado y lote; correo público verificado,Contacto general
MONGE CONSTRUCCIONES S.A.,,,,,,,,,,,rrhh@mongesa.com.ar,,,,,San Lorenzo,"Parque Industrial San Lorenzo, RP 25 y Autopista Rosario–Santa Fe (lote no publicado)",https://pisanlorenzo.com/empresas,Parque: instalada o en proceso de radicación; confirmar estado y lote,Sin correo público
Molinos Agro,,,,,,,,,,,sustentabilidad@molinosagro.com.ar,,,,,San Lorenzo,"Parque Industrial San Lorenzo, RP 25 y Autopista Rosario–Santa Fe (lote no publicado)",https://pisanlorenzo.com/empresas,Parque: instalada o en proceso de radicación; confirmar estado y lote,Sin correo público
MOLINO CAÑUELAS,1,NO,,,,,,,,,,,,,,,"Parque Industrial San Lorenzo, RP 25 y Autopista Rosario–Santa Fe (lote no publicado)",https://pisanlorenzo.com/empresas,Parque: instalada o en proceso de radicación; confirmar estado y lote,Sin correo público
MN INGENIERIA Y SOLUCIONES S.A.S.,,,,,,,,,,,luis.montaoo@mningenieria.com.ar,,,,,Rosario,"Parque Industrial San Lorenzo, RP 25 y Autopista Rosario–Santa Fe (lote no publicado)",https://pisanlorenzo.com/empresas,Parque: instalada o en proceso de radicación; confirmar estado y lote,Sin correo público
MINIELLO & CIA,,,,,,,,,,,administracion@minielloycia.com,,,,,San Lorenzo,Ruta AO12 y Z. Martínez – San Lorenzo,https://www.camara-sl.org.ar/website/categoriaasociado/empresa-pyme/page/5/,Directorio Cámara San Lorenzo; tamaño a validar,Contacto general
MILICIC,1,SI,,ENVIADO,NO,VIANDAS,NADIE,,09/09,,,,,,VIANDA,,"Parque Industrial San Lorenzo, RP 25 y Autopista Rosario–Santa Fe (lote no publicado)",https://pisanlorenzo.com/empresas,Parque: instalada o en proceso de radicación; confirmar estado y lote,Sin correo público
Metalúrgica Industrial S.A. (MISA),,,,,,,,,,,alberico@misa.com.ar,,,,,Ramallo / COMIRSA,"Parque Industrial San Lorenzo, RP 25 y Autopista Rosario–Santa Fe (lote no publicado)",https://pisanlorenzo.com/empresas,Parque: instalada o en proceso de radicación; confirmar estado y lote,Sin correo público
Metalsur,1,NO,,,,,,,,,,,,,,,"Parque Industrial San Lorenzo, RP 25 y Autopista Rosario–Santa Fe (lote no publicado)",https://pisanlorenzo.com/empresas,Parque: instalada o en proceso de radicación; confirmar estado y lote,Sin correo público
METALIZA S.A.,,,,,,,,,,,info@metaliza.com.ar,,,,,San Lorenzo,"Parque Industrial San Lorenzo, RP 25 y Autopista Rosario–Santa Fe (lote no publicado)",https://pisanlorenzo.com/empresas,Parque: instalada o en proceso de radicación; confirmar estado y lote,Sin correo público
MERCONOR S.R.L.,,,,,,,,,,,,,,,,San Lorenzo,"Parque Industrial San Lorenzo, RP 25 y Autopista Rosario–Santa Fe (lote no publicado)",https://pisanlorenzo.com/empresas,Parque: instalada o en proceso de radicación; confirmar estado y lote,Sin correo público
Mercator SA,,,,,,,,,,,mercator@mercator.com.ar,,,,,Pérez,"Parque Industrial San Lorenzo, RP 25 y Autopista Rosario–Santa Fe (lote no publicado)",https://pisanlorenzo.com/empresas,Parque: instalada o en proceso de radicación; confirmar estado y lote,Sin correo público
MEFA INGENIERÍA,,,,,,,,,,,administracion@mefaingenieria.com.ar,,,,,San Lorenzo,"Parque Industrial San Lorenzo, RP 25 y Autopista Rosario–Santa Fe (lote no publicado)",https://pisanlorenzo.com/empresas,Parque: instalada o en proceso de radicación; confirmar estado y lote,Sin correo público
MECALL S.R.L.,,,,,,,,,,,administracion@mecallsrl.com.ar,,,,,Rosario,"Parque Industrial San Lorenzo, RP 25 y Autopista Rosario–Santa Fe (lote no publicado)",https://pisanlorenzo.com/empresas | https://www.solingenieria.com.ar/contacto,Parque: instalada o en proceso de radicación; confirmar estado y lote; correo público verificado,Contacto general
Mastergom,,,,,,,,,,,cauchos@mastergom.com.ar,,,,,Pérez,"Parque Industrial San Lorenzo, RP 25 y Autopista Rosario–Santa Fe (lote no publicado)",https://pisanlorenzo.com/empresas,Parque: instalada o en proceso de radicación; confirmar estado y lote,Sin correo público
MARIGO PERFORACIONES,,,,,,,,,,,ventas@marigo.com.ar,,,,,San Lorenzo,"Parque Industrial San Lorenzo, RP 25 y Autopista Rosario–Santa Fe (lote no publicado)",https://pisanlorenzo.com/empresas,Parque: instalada o en proceso de radicación; confirmar estado y lote,Sin correo público
MARCHI DEPOT,,,,,,,,,,,administracion@marchidepotsa.com.ar,,,,,Fray Luis Beltrán,"Parque Industrial San Lorenzo, RP 25 y Autopista Rosario–Santa Fe (lote no publicado)",https://pisanlorenzo.com/empresas,Parque: instalada o en proceso de radicación; confirmar estado y lote,Sin correo público
MARANO SERVICIOS,,,,,,,,,,,mssteelframing@gmail.com,,,,,San Lorenzo,"Parque Industrial San Lorenzo, RP 25 y Autopista Rosario–Santa Fe (lote no publicado)",https://pisanlorenzo.com/empresas | https://www.ventilarsa.com.ar/,Parque: instalada o en proceso de radicación; confirmar estado y lote; correo público verificado,Contacto general
MANUFACTURING ENGINEERING FANTONI ALEJANDRO S.R.L.,,,,,,,,,,,,,,,,San Lorenzo,"Parque Industrial San Lorenzo, RP 25 y Autopista Rosario–Santa Fe (lote no publicado)",https://pisanlorenzo.com/empresas | https://www.williamsagroservicios.com.ar/contacto/,Parque: instalada o en proceso de radicación; confirmar estado y lote; correo público verificado,RR.HH.
MAN INGENIERIA,,,,,,,,,,,contacto@maningenieria.ar,,,,,San Lorenzo,AUT.ARAMBURU KM 280.5-COL.OEST,https://www.santafe.gob.ar/index.php/web/content/download/278857/1446192/file/PADRON%20EMPRESAS%20SANTAFESINAS.pdf,Domicilio declarado en padrón provincial (abril 2026),Contacto general
Maincal,,,,,,,,,,,contacto@maincal.com.ar,,,,,Pérez,JOAQUIN V. GONZALEZ 049,https://www.santafe.gob.ar/index.php/web/content/download/278857/1446192/file/PADRON%20EMPRESAS%20SANTAFESINAS.pdf,Domicilio declarado en padrón provincial (abril 2026),Contacto general
MADERO CONSTRUCCIONES S.R.L.,,,,,,,,,,,contacto@grupomadero.com.ar,,,,,Rosario,LATZINA 3030,https://www.santafe.gob.ar/index.php/web/content/download/278857/1446192/file/PADRON%20EMPRESAS%20SANTAFESINAS.pdf,Domicilio declarado en padrón provincial (abril 2026),Contacto general
LTA MOTORS,,,,,,,,,,,,,,,,Rosario,AV. PROVINCIAS UNIDAS 193 BIS,https://www.santafe.gob.ar/index.php/web/content/download/278857/1446192/file/PADRON%20EMPRESAS%20SANTAFESINAS.pdf,Domicilio declarado en padrón provincial (abril 2026),Contacto general
LOS TANOS AGROSERVICIOS,,,,,,,,,,,info@lostanosagro.com,,,,,San Lorenzo,CORRIENTES 861-P.6-OF.1,https://www.santafe.gob.ar/index.php/web/content/download/278857/1446192/file/PADRON%20EMPRESAS%20SANTAFESINAS.pdf,Domicilio declarado en padrón provincial (abril 2026),Contacto general
LONERA CENTENARIO,,,,,,,,,,,loneracentenario@gmail.com,,,,,Puerto Gral. San Martín,LAPRIDA 4617,https://www.santafe.gob.ar/index.php/web/content/download/278857/1446192/file/PADRON%20EMPRESAS%20SANTAFESINAS.pdf,Domicilio declarado en padrón provincial (abril 2026),Contacto general
LOGISTICA CUYO S.A.,,,,,,,,,,,,,,,,San Lorenzo,ZEBALLOS 2586,https://www.santafe.gob.ar/index.php/web/content/download/278857/1446192/file/PADRON%20EMPRESAS%20SANTAFESINAS.pdf,Domicilio declarado en padrón provincial (abril 2026),Contacto general
Logimet,,,,,,,,,,,ventas@logimet.com.ar,,,,,Pérez,SUIPACHA 888,https://www.santafe.gob.ar/index.php/web/content/download/278857/1446192/file/PADRON%20EMPRESAS%20SANTAFESINAS.pdf,Domicilio declarado en padrón provincial (abril 2026),Contacto general
Loberaz S.A.,,,,,,,,,,,loberaz@loberaz.com.ar,,,,,Ramallo / COMIRSA,PJE.GRAL.MANUEL SAVIO 1115,https://www.santafe.gob.ar/index.php/web/content/download/278857/1446192/file/PADRON%20EMPRESAS%20SANTAFESINAS.pdf,Domicilio declarado en padrón provincial (abril 2026),Contacto general
LLANEADOS ROSARIO S.R.L.,,,,,,,,,,,,,,,,San Lorenzo,PEDRO VITTORI N° 4173,https://www.santafe.gob.ar/index.php/web/content/download/278857/1446192/file/PADRON%20EMPRESAS%20SANTAFESINAS.pdf,Domicilio declarado en padrón provincial (abril 2026),Contacto general
limpito,1,NO,,VIANDAS,,,,,,,,,,,,,ZEBALLOS 1840 - P. 1,https://www.santafe.gob.ar/index.php/web/content/download/278857/1446192/file/PADRON%20EMPRESAS%20SANTAFESINAS.pdf,Domicilio declarado en padrón provincial (abril 2026),Contacto general
Liliana,1,NO,,COMEDOR,,,,,,,Mcazorla@liliana.com.ar,,,,,,BV. RONDEAU 812,https://www.santafe.gob.ar/index.php/web/content/download/278857/1446192/file/PADRON%20EMPRESAS%20SANTAFESINAS.pdf,Domicilio declarado en padrón provincial (abril 2026),Contacto general
LEGALES FLORES PIAZZA,,,,,,,,,,,abogadaflorespiazza@gmail.com,,,,,San Lorenzo,RIO DE JANEIRO 855,https://www.santafe.gob.ar/index.php/web/content/download/278857/1446192/file/PADRON%20EMPRESAS%20SANTAFESINAS.pdf,Domicilio declarado en padrón provincial (abril 2026),Contacto general
LAROMET S.A.,,,,,,,,,,,licitaciones@laromet.com.ar,,,,,Rosario,LAPRIDA 4593 -P.1-OF. 2,https://www.santafe.gob.ar/index.php/web/content/download/278857/1446192/file/PADRON%20EMPRESAS%20SANTAFESINAS.pdf,Domicilio declarado en padrón provincial (abril 2026),Contacto general
Laboratorio Quimeco SRL,,,,,,,,,,,administracion@quimeco.com.ar,,,,,Pérez,ITALIA 647 P.4 DPTO.D,https://www.santafe.gob.ar/index.php/web/content/download/278857/1446192/file/PADRON%20EMPRESAS%20SANTAFESINAS.pdf,Domicilio declarado en padrón provincial (abril 2026),Contacto general
la virginia,1,SI,,VIANDAS,,,,,,,,3413364450,EDUARDO,,,,AV. CANDIDO CARBALLO 183 P4 O4,https://www.santafe.gob.ar/index.php/web/content/download/278857/1446192/file/PADRON%20EMPRESAS%20SANTAFESINAS.pdf,Domicilio declarado en padrón provincial (abril 2026),Contacto general
LA CASA DE LA CONSTRUCCIÓN S.R.L.,,,,,,,,,,,,,,,,San Lorenzo,BV. SEGUI 2551,https://www.santafe.gob.ar/index.php/web/content/download/278857/1446192/file/PADRON%20EMPRESAS%20SANTAFESINAS.pdf,Domicilio declarado en padrón provincial (abril 2026),Contacto general
KRONE S.A.,,,,,,,,,,,,,,,,San Lorenzo,PRESIDENTE ROCA N 825 P.3 D.3,https://www.santafe.gob.ar/index.php/web/content/download/278857/1446192/file/PADRON%20EMPRESAS%20SANTAFESINAS.pdf,Domicilio declarado en padrón provincial (abril 2026),Contacto general
Juan Navarro SA,,,,,,,,,,,rosario@jnavarro.com.ar,,,,,Pérez,ENTRE RIOS 2157,https://www.santafe.gob.ar/index.php/web/content/download/278857/1446192/file/PADRON%20EMPRESAS%20SANTAFESINAS.pdf,Domicilio declarado en padrón provincial (abril 2026),Contacto general
IZUCO S.A.,,,,,,,,,,,,,,,,San Lorenzo,REGIMIENTO 11 NRO. 766,https://www.santafe.gob.ar/index.php/web/content/download/278857/1446192/file/PADRON%20EMPRESAS%20SANTAFESINAS.pdf,Domicilio declarado en padrón provincial (abril 2026),Contacto general
Ivanar,1,SI,NO,,,,,,,,compras@ivanar.com.ar,,,,,,AV.MADRES P.DE MAYO 3020-P.11,https://www.santafe.gob.ar/index.php/web/content/download/278857/1446192/file/PADRON%20EMPRESAS%20SANTAFESINAS.pdf,Domicilio declarado en padrón provincial (abril 2026),Contacto general
ISA INDEPENDENT SHIP AGENTS,,,,,,,,,,,isa@isa-agents.com.ar,,,,,San Lorenzo,AUT ARAMBURU R9 KM 280,https://www.santafe.gob.ar/index.php/web/content/download/278857/1446192/file/PADRON%20EMPRESAS%20SANTAFESINAS.pdf,Domicilio declarado en padrón provincial (abril 2026),Contacto general
IRT,,,,,,,,,,,sanlorenzo@irt.com.ar,,,,,San Lorenzo,BV. SEGUI 4037,https://www.santafe.gob.ar/index.php/web/content/download/278857/1446192/file/PADRON%20EMPRESAS%20SANTAFESINAS.pdf,Domicilio declarado en padrón provincial (abril 2026),Contacto general
INGENIERIA Y SERVICIOS DELGADO S.A.,,,,,,,,,,,ingyserv.sa@gmail.com,,,,,Rosario,SAN LORENZO 722,https://www.santafe.gob.ar/index.php/web/content/download/278857/1446192/file/PADRON%20EMPRESAS%20SANTAFESINAS.pdf,Domicilio declarado en padrón provincial (abril 2026),Contacto general
INGENIERÍA UNO,,,,,,,,,,,administracion@ingenieriauno.com.ar,,,,,Rosario,ISABEL LA CATOLICA 4360,https://www.santafe.gob.ar/index.php/web/content/download/278857/1446192/file/PADRON%20EMPRESAS%20SANTAFESINAS.pdf,Domicilio declarado en padrón provincial (abril 2026),Contacto general
INGENIERÍA BOGGIO S.A.,,,,,,,,,,,sanlorenzo@ingenieriaboggio.com.ar,,,,,San Lorenzo,CANDIDO CARBALLO 158 P6 DPTO C,https://www.santafe.gob.ar/index.php/web/content/download/278857/1446192/file/PADRON%20EMPRESAS%20SANTAFESINAS.pdf,Domicilio declarado en padrón provincial (abril 2026),Contacto general
INGENIERIA & PILOTES S.R.L.,,,,,,,,,,,licitaciones@ingenieriaypilotes.com.ar,,,,,Rosario,GUEMES 3027,https://www.santafe.gob.ar/index.php/web/content/download/278857/1446192/file/PADRON%20EMPRESAS%20SANTAFESINAS.pdf,Domicilio declarado en padrón provincial (abril 2026),Contacto general
ING. RINALDI Y ASOC. S.A,,,,,,,,,,,milagros@rinaldiconstrucciones.com,,,,,Rosario,3 DE FEBRERO 2810 - PISO 1,https://www.santafe.gob.ar/index.php/web/content/download/278857/1446192/file/PADRON%20EMPRESAS%20SANTAFESINAS.pdf,Domicilio declarado en padrón provincial (abril 2026),Contacto general
ING. PELLEGINET S.A.,,,,,,,,,,,,,,,,San Lorenzo,AV.M.PLAZA DE MAYO 3020-P.5-D2,https://www.santafe.gob.ar/index.php/web/content/download/278857/1446192/file/PADRON%20EMPRESAS%20SANTAFESINAS.pdf,Domicilio declarado en padrón provincial (abril 2026),Contacto general
ING. PEDRO MINERVINO S.A.,,,,,,,,,,,administracion@minervinosa.com.ar,,,,,Rosario,PARAGUAY 2586 - P.B.,https://www.santafe.gob.ar/index.php/web/content/download/278857/1446192/file/PADRON%20EMPRESAS%20SANTAFESINAS.pdf,Domicilio declarado en padrón provincial (abril 2026),Contacto general
INFYA SRL,,,,,,,,,,,administracion@infyasrl.com.ar,,,,,Pérez,LOS CEDROS 1314,https://www.santafe.gob.ar/index.php/web/content/download/278857/1446192/file/PADRON%20EMPRESAS%20SANTAFESINAS.pdf,Domicilio declarado en padrón provincial (abril 2026),Contacto general
INDUSTRIAS SECCO,1,NO,,,,,,,,,,,,,,,RUEDA 755,https://www.santafe.gob.ar/index.php/web/content/download/278857/1446192/file/PADRON%20EMPRESAS%20SANTAFESINAS.pdf,Domicilio declarado en padrón provincial (abril 2026),Contacto general
INDUSOIL SERRVICIOS S.R.L.,,,,,,,,,,,,,,,,San Lorenzo,MONTEVIDEO 3855,https://www.santafe.gob.ar/index.php/web/content/download/278857/1446192/file/PADRON%20EMPRESAS%20SANTAFESINAS.pdf,Domicilio declarado en padrón provincial (abril 2026),Contacto general
IMG RENTAL,,,,,,,,,,,comercial@imgrental.com.ar,,,,,San Lorenzo,GORRITI 7447,https://www.santafe.gob.ar/index.php/web/content/download/278857/1446192/file/PADRON%20EMPRESAS%20SANTAFESINAS.pdf,Domicilio declarado en padrón provincial (abril 2026),Contacto general
IMEI INGLES,,,,,,,,,,,imeiingles@yahoo.com.ar,,,,,San Lorenzo,SARMIENTO 819-P 11,https://www.santafe.gob.ar/index.php/web/content/download/278857/1446192/file/PADRON%20EMPRESAS%20SANTAFESINAS.pdf,Domicilio declarado en padrón provincial (abril 2026),Contacto general
IMCO CONSTRUCTORA S.R.L.,,,,,,,,,,,gerencia@imcoconstructora.com,,,,,Rosario,SARMIENTO 1031 - P. 6 DPTO. B,https://www.santafe.gob.ar/index.php/web/content/download/278857/1446192/file/PADRON%20EMPRESAS%20SANTAFESINAS.pdf,Domicilio declarado en padrón provincial (abril 2026),Contacto general
ICS CONSULTORIA INDUSTRIAL,,,,,,,,,,,,,,,,Capitán Bermúdez,MITRE 275 - P.B.,https://www.santafe.gob.ar/index.php/web/content/download/278857/1446192/file/PADRON%20EMPRESAS%20SANTAFESINAS.pdf,Domicilio declarado en padrón provincial (abril 2026),Contacto general
HORMIGONERA DEL LITORAL S.A.,,,,,,,,,,,ing.jquiroga@gmail.com,,,,,Rosario,AV.PELLEGRINI 1615,https://www.santafe.gob.ar/index.php/web/content/download/278857/1446192/file/PADRON%20EMPRESAS%20SANTAFESINAS.pdf,Domicilio declarado en padrón provincial (abril 2026),Contacto general
HERNANDEZ Y BAGNERES,,,,,,,,,,,mgatti@hernandez-bagneres.com.ar,,,,,Rosario,JUAN PABLO II N 655,https://www.santafe.gob.ar/index.php/web/content/download/278857/1446192/file/PADRON%20EMPRESAS%20SANTAFESINAS.pdf,Domicilio declarado en padrón provincial (abril 2026),Comercial / compras
HEREDIA PREMOLDEADOS,,,,,,,,,,,,,,,,San Lorenzo,CASTELLANOS 1135,https://www.santafe.gob.ar/index.php/web/content/download/278857/1446192/file/PADRON%20EMPRESAS%20SANTAFESINAS.pdf,Domicilio declarado en padrón provincial (abril 2026),Contacto general
HEFU Argentina,,,,,,,,,,,administracion@hefuargentina.com.ar,,,,,Pérez,1RO DE MAYO 1869,https://www.santafe.gob.ar/index.php/web/content/download/278857/1446192/file/PADRON%20EMPRESAS%20SANTAFESINAS.pdf,Domicilio declarado en padrón provincial (abril 2026),Comercial / compras
Hefesto SRL,,,,,,,,,,,hefesto@arnet.com.ar,,,,,Pérez,BV. RONDEAU 2835,https://www.santafe.gob.ar/index.php/web/content/download/278857/1446192/file/PADRON%20EMPRESAS%20SANTAFESINAS.pdf,Domicilio declarado en padrón provincial (abril 2026),Contacto general
HECTOR GERMÁN LARRAYA S.R.L.,,,,,,,,,,,,,,,,San Lorenzo,BOULEVARD ORO O 4522 - DPTO. D,https://www.santafe.gob.ar/index.php/web/content/download/278857/1446192/file/PADRON%20EMPRESAS%20SANTAFESINAS.pdf,Domicilio declarado en padrón provincial (abril 2026),Contacto general
HARDFACING S.R.L.,,,,,,,,,,,,,,,,San Lorenzo,BIEDMA N 3424 - ROSARIO,https://www.santafe.gob.ar/index.php/web/content/download/278857/1446192/file/PADRON%20EMPRESAS%20SANTAFESINAS.pdf,Domicilio declarado en padrón provincial (abril 2026),Contacto general
GUERRERO – PAGODA,,,,,,,,,,,ventas474@guerrero.com.ar,,,,,San Lorenzo,GARZON 2677,https://www.santafe.gob.ar/index.php/web/content/download/278857/1446192/file/PADRON%20EMPRESAS%20SANTAFESINAS.pdf,Domicilio declarado en padrón provincial (abril 2026),Contacto general
GTM,,,,,,,,,,,Info@gtmsrl.com.ar,,,,,Alvear,MORENO 2541,https://www.santafe.gob.ar/index.php/web/content/download/278857/1446192/file/PADRON%20EMPRESAS%20SANTAFESINAS.pdf,Domicilio declarado en padrón provincial (abril 2026),Contacto general
Grupo Rosario Máquinas,,,,,,,,,,,info@gruporm.com.ar,,,,,Piñero,RUTA AO 12 Y RUTA 11 NRO.145,https://www.santafe.gob.ar/index.php/web/content/download/278857/1446192/file/PADRON%20EMPRESAS%20SANTAFESINAS.pdf | https://www.peitel.com.ar/Contacto.html,Domicilio declarado en padrón provincial (abril 2026); correo público verificado,Contacto general
Grupo Oroño,,,,,,,,,,,info@grupoorono.com.ar,,,,,Rosario,PASAJE APIPE 6882,https://www.santafe.gob.ar/index.php/web/content/download/278857/1446192/file/PADRON%20EMPRESAS%20SANTAFESINAS.pdf,Domicilio declarado en padrón provincial (abril 2026),Contacto general
Grupo La Emilia / Motomel,,,,,,,,,,,responde@motomel.com.ar,,,,,La Emilia (San Nicolás),9 DE JULIO 901 - PA,https://www.santafe.gob.ar/index.php/web/content/download/278857/1446192/file/PADRON%20EMPRESAS%20SANTAFESINAS.pdf,Domicilio declarado en padrón provincial (abril 2026),Contacto general
GRUPO DH,,,,,,,,,,,info@dhsh.com.ar,,,,,Capitán Bermúdez,IGUAZU 451 BIS-B.INDUSTRIAL,https://www.santafe.gob.ar/index.php/web/content/download/278857/1446192/file/PADRON%20EMPRESAS%20SANTAFESINAS.pdf,Domicilio declarado en padrón provincial (abril 2026),Contacto general
GRUPO DELCO S.R.L.,,,,,,,,,,,delco@delcosrl.com.ar,,,,,Rosario,JUAN MANUEL DE ROSAS 2453,https://www.santafe.gob.ar/index.php/web/content/download/278857/1446192/file/PADRON%20EMPRESAS%20SANTAFESINAS.pdf,Domicilio declarado en padrón provincial (abril 2026),Contacto general
GRUPO BRAYCO,,,,,,,,,,,info@brayco.com.ar,,,,,San Lorenzo,RIOJA 1275,https://www.santafe.gob.ar/index.php/web/content/download/278857/1446192/file/PADRON%20EMPRESAS%20SANTAFESINAS.pdf,Domicilio declarado en padrón provincial (abril 2026),Comercial / compras
GRUPO AMZ,,,,,,,,,,,amzrescate@gmail.com,,,,,Granadero Baigorria,JOSE MARIA ROSA NRO 1071-BIS,https://www.santafe.gob.ar/index.php/web/content/download/278857/1446192/file/PADRON%20EMPRESAS%20SANTAFESINAS.pdf,Domicilio declarado en padrón provincial (abril 2026),Contacto general
GRIMACO S.R.L.,,,,,,,,,,,eduardoraffo@grimaco.com.ar,,,,,Rosario,PJE. ESCOCIA 323 BIS,https://www.santafe.gob.ar/index.php/web/content/download/278857/1446192/file/PADRON%20EMPRESAS%20SANTAFESINAS.pdf,Domicilio declarado en padrón provincial (abril 2026),Contacto general
GREEN LAB,,,,,,,,,,,hola@greenlab.com.ar,,,,,Rosario,JUAN M. ROSAS 1017,https://www.santafe.gob.ar/index.php/web/content/download/278857/1446192/file/PADRON%20EMPRESAS%20SANTAFESINAS.pdf,Domicilio declarado en padrón provincial (abril 2026),Contacto general
GRAMMATICO SERVICIOS,,,,,,,,,,,info@grammatico.com.ar,,,,,San Lorenzo,RUTA PROV.21-KM.7-PAR.116/117,https://www.santafe.gob.ar/index.php/web/content/download/278857/1446192/file/PADRON%20EMPRESAS%20SANTAFESINAS.pdf,Domicilio declarado en padrón provincial (abril 2026),Contacto general
GLOBBAL MILLS S.R.L.,,,,,,,,,,,,,,,,San Lorenzo,PEDRO VITTORI N° 4173,https://www.santafe.gob.ar/index.php/web/content/download/278857/1446192/file/PADRON%20EMPRESAS%20SANTAFESINAS.pdf,Domicilio declarado en padrón provincial (abril 2026),Contacto general
GLOBAL ACCELERATOR S.R.L.,,,,,,,,,,,acceleratorglobal@gmail.com,,,,,Rosario,SANTA FE 1211 - P.14 - OF. 1,https://www.santafe.gob.ar/index.php/web/content/download/278857/1446192/file/PADRON%20EMPRESAS%20SANTAFESINAS.pdf,Domicilio declarado en padrón provincial (abril 2026),Contacto general
GIER S.R.L.,,,,,,,,,,,,,,,,Piñero,RIOBAMBA 1349 - P. 2 A,https://www.santafe.gob.ar/index.php/web/content/download/278857/1446192/file/PADRON%20EMPRESAS%20SANTAFESINAS.pdf,Domicilio declarado en padrón provincial (abril 2026),Contacto general
Gerdau — Planta Pérez,,,,,,,,,,,gerdauventas@gerdau.com,,,,,Pérez,RUTA AO 12 KM 65,https://www.santafe.gob.ar/index.php/web/content/download/278857/1446192/file/PADRON%20EMPRESAS%20SANTAFESINAS.pdf,Domicilio declarado en padrón provincial (abril 2026),Contacto general
GENTE DE RÍO SERVICIOS FLUVIALES,,,,,,,,,,,ops@gentederio.com.ar,,,,,San Lorenzo,MAIPU 2263,https://www.santafe.gob.ar/index.php/web/content/download/278857/1446192/file/PADRON%20EMPRESAS%20SANTAFESINAS.pdf,Domicilio declarado en padrón provincial (abril 2026),Contacto general
Gemplast / Geminelli S.A.,,,,,,,,,,,info@gemplast.com.ar,,,,,Pérez,"De La Cruz Strazza 6347, Funes",https://www.camara-sl.org.ar/website/categoriaasociado/empresa-pyme/,Directorio Cámara San Lorenzo; tamaño a validar,Contacto general
GEK EXCAVACIONES,,,,,,,,,,,contacto@gekexcavaciones.com.ar,,,,,Fray Luis Beltrán,"Av. San Lorenzo 535, local 6 – Capitán Bermúdez",https://www.camara-sl.org.ar/website/categoriaasociado/empresa-pyme/,Directorio Cámara San Lorenzo; tamaño a validar,Contacto general
FYO,3,NO,,,NO,,,,,,,3416114868,federico,,,,Berón de Astrada 930 – San lorenzo,https://www.camara-sl.org.ar/website/categoriaasociado/empresa-pyme/,"Directorio Cámara San Lorenzo; tamaño a validar; correo publicado con dominio inválido, verificar",Sin correo público
FUNDEMAP,,,,,,,,,,,rrhh@fundemap.com.ar,,,,,San Lorenzo,G. Araoz de Lamadrid 129 – San Lorenzo –,https://www.camara-sl.org.ar/website/categoriaasociado/empresa-pyme/,Directorio Cámara San Lorenzo; tamaño a validar,Contacto general
FUGRAN,,,,,,,,,,,rr.hh@fugran.com,,,,,Puerto General San Martín,Av. San Lorenzo 59 Bis – Capitán Bermúdez (transporte) – Av. Los Plátanos 215 – Capitán Bermúdez (depósito).,https://www.camara-sl.org.ar/website/categoriaasociado/empresa-pyme/,Directorio Cámara San Lorenzo; tamaño a validar,Contacto general
Freschi,,,,,,,,,,,gpfreschi@yahoo.com.ar,,,,,Pérez,Cullen 1744 – Rosario,https://www.camara-sl.org.ar/website/categoriaasociado/empresa-pyme/,Directorio Cámara San Lorenzo; tamaño a validar,Contacto general
Freplast SRL,,,,,,,,,,,ventas@freplast.com.ar,,,,,Pérez,Ingeniero White 237 –  San Lorenzo,https://www.camara-sl.org.ar/website/categoriaasociado/empresa-pyme/page/2/,Directorio Cámara San Lorenzo; tamaño a validar,Contacto general
Fremec,,,,,,,,,,,ventas@fremec.com.ar,,,,,Pérez,Juan B Justo 1520 – Rosario,https://www.camara-sl.org.ar/website/categoriaasociado/empresa-pyme/page/2/,Directorio Cámara San Lorenzo; tamaño a validar,Contacto general
FREIJE Y FREIJE CONSTRUCTORA,,,,,,,,,,,proveedoresfreije@freijeyfreijeconstructorasrl.com,,,,,Capitán Bermúdez,Santa Fe 156 –  Puerto General San Martín,https://www.camara-sl.org.ar/website/categoriaasociado/empresa-pyme/page/2/,Directorio Cámara San Lorenzo; tamaño a validar,Contacto general
FRANCAR,,,,,,,,,,,francar.productosindustriales@gmail.com,,,,,San Lorenzo,3 de Febrero 2498 – Fray Luis Beltrán,https://www.camara-sl.org.ar/website/categoriaasociado/empresa-pyme/page/2/,Directorio Cámara San Lorenzo; tamaño a validar,Contacto general
FRANBE S.A.,,,,,,,,,,,memiliasanti@hotmail.com,,,,,Rosario,Perú 734 – Capitán Bermúdez,https://www.camara-sl.org.ar/website/categoriaasociado/empresa-pyme/page/2/,Directorio Cámara San Lorenzo; tamaño a validar,Comercial / compras
FLEXIO,1,NO,,Presupuesto,,,,,,,personal@flexio.com.ar,,,,,,Richieri 564 – piso 2 – San Lorenzo,https://www.camara-sl.org.ar/website/categoriaasociado/empresa-pyme/page/2/,Directorio Cámara San Lorenzo; tamaño a validar,Contacto general
FIUME,1,NO,,,NO,,,,,,,,,,,,Av. Ovidio Lagos 502- Rosario,https://www.camara-sl.org.ar/website/categoriaasociado/empresa-pyme/page/2/,Directorio Cámara San Lorenzo; tamaño a validar,Sin correo público
FEGA S.A.,,,,,,,,,,,patriciaamorelli@hotmail.com,,,,,Rosario,Cayetano Silva 1566 – Puerto General San Martín,https://www.camara-sl.org.ar/website/categoriaasociado/empresa-pyme/page/2/,Directorio Cámara San Lorenzo; tamaño a validar,Contacto general
Facar,,,,,,,,,,,ventas@facar.com.ar,,,,,Pérez,Dr. Ghio 568 – San Lorenzo,https://www.camara-sl.org.ar/website/categoriaasociado/empresa-pyme/page/2/,Directorio Cámara San Lorenzo; tamaño a validar,Contacto general
FAC Servicios Industriales,,,,,,,,,,,facserviciosind@gmail.com,,,,,San Lorenzo,Ruta 11 1495 – Puerto General San Martín,https://www.camara-sl.org.ar/website/categoriaasociado/empresa-pyme/page/3/,Directorio Cámara San Lorenzo; tamaño a validar,Sin correo público
EYCOM Servicios,,,,,,,,,,,eycomservicios@gmail.com,,,,,San Lorenzo,General López 497 – San Lorenzo,https://www.camara-sl.org.ar/website/categoriaasociado/empresa-pyme/page/3/,Directorio Cámara San Lorenzo; tamaño a validar,Contacto general
EXPRESS CORP,,,,,,,,,,,,,,,,Rosario,"Alem 687 , San Lorenzo",https://www.camara-sl.org.ar/website/categoriaasociado/empresa-pyme/page/3/,Directorio Cámara San Lorenzo; tamaño a validar,Contacto general
EVONIK,1,SI,SI,PRESENTACION ENVIADA,SI,VIANDA,VIANDERIA,12/25,,,matias.gonzalez@evonik.com,34156182835,MATIAS,,,,San Martín 191 – San Lorenzo,https://www.camara-sl.org.ar/website/categoriaasociado/empresa-pyme/page/3/,Directorio Cámara San Lorenzo; tamaño a validar,Contacto general
ESTUDIO JURÌDICO BARRINAT,,,,,,,,,,,estudiobarrinataux@gmail.com,,,,,San Lorenzo,Pasaje Soaje 5040 – Rosario,https://www.camara-sl.org.ar/website/categoriaasociado/empresa-pyme/page/3/,Directorio Cámara San Lorenzo; tamaño a validar,Contacto general
ESSENTY,,,,,,,,,,,veronicatamagno@gmail.com,,,,,San Lorenzo,Garay 668 – Fray Luis Beltrán,https://www.camara-sl.org.ar/website/categoriaasociado/empresa-pyme/page/3/,Directorio Cámara San Lorenzo; tamaño a validar,Contacto general
EQUIPAMIENTO SAN LORENZO,,,,,,,,,,,ventas@equipamientosanlorenzo.com,,,,,San Lorenzo,Reconquista 1702 – Rosario,https://www.camara-sl.org.ar/website/categoriaasociado/empresa-pyme/page/3/,Directorio Cámara San Lorenzo; tamaño a validar,Contacto general
EPRECO,1,NO,,ANDRES,,,,,,,,,,,,,Centeno 442 – Ricardone,https://www.camara-sl.org.ar/website/categoriaasociado/empresa-pyme/page/3/,Directorio Cámara San Lorenzo; tamaño a validar,Contacto general
EPRECCO PIÑEIRO,1,si,aceptado,arranca oct,no,vianda,papagayo,,1309,,,3415029950,marcelo titular,no,,,José Márquez 660 – San Lorenzo,https://www.camara-sl.org.ar/website/categoriaasociado/empresa-pyme/page/3/,Directorio Cámara San Lorenzo; tamaño a validar,Contacto general
ELECTRO CONSTRUCTORA S.R.L.,,,,,,,,,,,federico@electroconstructorasrl.com.ar,,,,,Rosario,Córdoba 2334 Piso 9 Oficina A – Rosario,https://www.camara-sl.org.ar/website/categoriaasociado/empresa-pyme/page/4/,Directorio Cámara San Lorenzo; tamaño a validar,Contacto general
EL LIBERTADOR,,,,,,,,,,,operaciones@ellibertador.net,,,,,San Lorenzo,Camino de los Granaderos Km 2 – San Lorenzo,https://www.camara-sl.org.ar/website/categoriaasociado/empresa-pyme/page/4/,Directorio Cámara San Lorenzo; tamaño a validar,Contacto general
EL HAUAR,,,,,,,,,,,p_mayotto@elahuar.com,,,,,San Lorenzo,Av. San Martin 2249 – San Lorenzo,https://www.camara-sl.org.ar/website/categoriaasociado/empresa-pyme/page/4/,Directorio Cámara San Lorenzo; tamaño a validar,Contacto general
EDILIZIA S.A.,,,,,,,,,,,administracion@edilizia.com.ar,,,,,Rosario,San Luis 485 – San Lorenzo – Santa Fe,https://www.camara-sl.org.ar/website/categoriaasociado/empresa-pyme/page/4/,Directorio Cámara San Lorenzo; tamaño a validar,Comercial / compras
EDECA PIÑEIRO,1,NO,,,,,,,,,,,,,,,"Mateo Gelvez 499, San Lorenzo",https://www.camara-sl.org.ar/website/categoriaasociado/empresa-pyme/page/4/,Directorio Cámara San Lorenzo; tamaño a validar,Contacto general
ECOAIRES,,,,,,,,,,,marcos@ecoaires.com.ar,,,,,Funes,Presidente Perón 1837- San Lorenzo,https://www.camara-sl.org.ar/website/categoriaasociado/empresa-pyme/page/4/,Directorio Cámara San Lorenzo; tamaño a validar,Contacto general
ECA INGENIERÍA,,,,,,,,,,,,,,,,Puerto General San Martín,Ruta Nacional N°11 Km 334 – Puerto Gral. San Martín.,https://www.camara-sl.org.ar/website/categoriaasociado/empresa-pyme/page/4/,Directorio Cámara San Lorenzo; tamaño a validar,Contacto general
DYSCON,1,NO,,enviado,no,,,,,,,,,SI,,,Ruben Darío 1505- Rosario,https://www.camara-sl.org.ar/website/categoriaasociado/empresa-pyme/page/4/,Directorio Cámara San Lorenzo; tamaño a validar,Contacto general
DUAMAK S.A.,,,,,,,,,,,md@duamak.com.ar,,,,,Rosario,Ruta 11 Km 335 esq. 3 de Febrero- Puerto Gral. San Martín,https://www.camara-sl.org.ar/website/categoriaasociado/empresa-pyme/page/5/,Directorio Cámara San Lorenzo; tamaño a validar,Contacto general
Droguería 20 de Junio,,,,,,,,,,,info@drogueria20dejunio.com.ar,,,,,Pérez,Córdoba 972- Funes,https://www.camara-sl.org.ar/website/categoriaasociado/empresa-pyme/page/5/,Directorio Cámara San Lorenzo; tamaño a validar,Contacto general
Dreyfus,3,NO,,,,,,,,,,,,,,,Alvear 614 – Fray Luis Beltrán,https://www.camara-sl.org.ar/website/categoriaasociado/empresa-pyme/page/5/,Directorio Cámara San Lorenzo; tamaño a validar,Contacto general
DINALE PIÑEIRO,1,NO,,,,,,,,,,,,,,,Juan B. Alberdi 75.- San Lorenzo,https://www.camara-sl.org.ar/website/categoriaasociado/empresa-pyme/page/5/,Directorio Cámara San Lorenzo; tamaño a validar,Contacto general
Detexa SRL,,,,,,,,,,,detexaros@detexasrl.com.ar,,,,,Pérez,Córdoba 972 – Funes,https://www.camara-sl.org.ar/website/categoriaasociado/empresa-pyme/page/5/,Directorio Cámara San Lorenzo; tamaño a validar,Comercial / compras
DEROSARIO SERVICIOS S.R.L.,,,,,,,,,,,derosarioservicios@hotmail.com,,,,,Rosario,Dorrego 2799- San Lorenzo.-,https://www.camara-sl.org.ar/website/categoriaasociado/empresa-pyme/page/5/,Directorio Cámara San Lorenzo; tamaño a validar,Contacto general
DEPROP S.R.L.,,,,,,,,,,,depropsrl@gmail.com,,,,,Rosario,Los Heliotropos 258- Capitán Bermúdez,https://www.camara-sl.org.ar/website/categoriaasociado/empresa-pyme/page/5/,Directorio Cámara San Lorenzo; tamaño a validar,Contacto general
Delta Vial,,,,,,,,,,,info@deltavial.com.ar,,,,,San Nicolás,Catamarca 2317 – Rosario.,https://www.camara-sl.org.ar/website/categoriaasociado/empresa-pyme/page/5/,Directorio Cámara San Lorenzo; tamaño a validar,Contacto general
DEL SOL CONSTRUCTORA S.A.,,,,,,,,,,,delsol@delsol.com.ar,,,,,Rosario,Bouvier 2193 – San Lorenzo,https://www.camara-sl.org.ar/website/categoriaasociado/empresa-pyme/page/6/,Directorio Cámara San Lorenzo; tamaño a validar,Contacto general
DATAWISE,,,,,,,,,,,diego.garcia@datawise.com.ar,,,,,Rosario,Ruta A012 km 66- San Lorenzo,https://www.camara-sl.org.ar/website/categoriaasociado/empresa-pyme/page/6/,Directorio Cámara San Lorenzo; tamaño a validar,Contacto general
DANES,,SI,NO,viandas,,,,,,,,3415781373,ALDANA,,lo tiene vianderia hace poco. podemos hablar con rrhh para proponer comedor,,Rastreador Fournier 640 . San Lorenzo,https://www.camara-sl.org.ar/website/categoriaasociado/empresa-pyme/page/6/,Directorio Cámara San Lorenzo; tamaño a validar,Contacto general
CVO,1,NO,,licita,SI,,,3/26,,,compras@cvosa.com.ar,3412120992,,SI,,,"Lamadrid 468 Nave 2 Oficina 5 – Rosario, Santa Fe",https://www.camara-sl.org.ar/website/categoriaasociado/servicios-profesionales/,Directorio Cámara San Lorenzo; tamaño a validar,Contacto general
Cuarepoti,,,,,,,,,,,cuarepoti@cuarepoti.com.ar,,,,,Ramallo / COMIRSA,"Roberto Ferrari 379, Capitán Bermúdez.",https://www.camara-sl.org.ar/website/categoriaasociado/servicios-profesionales/,Directorio Cámara San Lorenzo; tamaño a validar,Contacto general
Crystal Rock SA,,,,,,,,,,,contacto@crystalrock.com.ar,,,,,Pérez,GOBERNADOR RAMON SAAVEDRA 1480 – SAN LORENZO,https://www.camara-sl.org.ar/website/categoriaasociado/servicios-profesionales/,Directorio Cámara San Lorenzo; tamaño a validar,Comercial / compras
CRISKEY,,,,,,,,,,,,,,,,San Lorenzo,Av. Dorrego 1173 – San Lorenzo,https://www.camara-sl.org.ar/website/categoriaasociado/servicios-profesionales/,Directorio Cámara San Lorenzo; tamaño a validar,Contacto general
CREAR SOLUCIONES Y SERVICIOS,,,,,,,,,,,crearsolucionesyservicios@gmail.com,,,,,San Lorenzo,RUTA 11 KM 337 – PGSM Número telefónico: 3476 495292 Línea de,https://www.camara-sl.org.ar/website/categoriaasociado/servicios-profesionales/,Directorio Cámara San Lorenzo; tamaño a validar,RR.HH. / empleo
CRAVER’S TOURS,,,,,,,,,,,craverogabriel@hotmail.com,,,,,Rosario,"Lamadrid 470, Oficina 1-16, Polo Tecnológico Rosario Número telefónico : +54 9 3415 41-0662 Línea de",https://www.camara-sl.org.ar/website/categoriaasociado/servicios-profesionales/,Directorio Cámara San Lorenzo; tamaño a validar,Contacto general
CRABSA S.A.,,,,,,,,,,,crabsa@fibertel.com.ar,,,,,Rosario,Silverio Córdoba 1064 – San Lorenzo,https://www.camara-sl.org.ar/website/categoriaasociado/servicios-profesionales/,Directorio Cámara San Lorenzo; tamaño a validar,Contacto general
COTRASER LTDA.,,,,,,,,,,,cotralyfltda@hotmail.com,,,,,Rosario,Av. Real 9424 – piso 1 – oficina 5 – Rosario,https://www.camara-sl.org.ar/website/categoriaasociado/servicios-profesionales/page/2/,Directorio Cámara San Lorenzo; tamaño a validar,Contacto general
CORTEVA AGRISCIENCE,,,,,,,,,,,infoargentina@corteva.com,,,,,Puerto Gral. San Martín,Artigas 777 – San Lorenzo,https://www.camara-sl.org.ar/website/categoriaasociado/servicios-profesionales/page/2/,Directorio Cámara San Lorenzo; tamaño a validar,Contacto general
CORREO ANDREANI,,,,,,,,,,,gconesa@andreani.com,,,,,San Lorenzo,Lamadrid 470 Nave 2 –  Polo Tecnológico Rosario,https://www.camara-sl.org.ar/website/categoriaasociado/servicios-profesionales/page/2/,Directorio Cámara San Lorenzo; tamaño a validar,Contacto general
Cormetal S.A.,,,,,,,,,,,cormetal@cormetalsa.com.ar,,,,,Pérez,José Hernández 1220 – Piso 1 n°5 –  Rosario,https://www.camara-sl.org.ar/website/categoriaasociado/servicios-profesionales/page/2/,Directorio Cámara San Lorenzo; tamaño a validar,Contacto general
CONYLOG S.R.L.,,,,,,,,,,,ctimoszuk@conylog.com.ar,,,,,Alvear,Dorrego 2175 – San Lorenzo,https://www.camara-sl.org.ar/website/categoriaasociado/servicios-profesionales/page/2/,Directorio Cámara San Lorenzo; tamaño a validar,Contacto general
CONSULTORES DE EMPRESAS,,,,,,,,,,,info@consultoresdeempresas.com,,,,,San Lorenzo,Dorrego 1835 –  San Lorenzo,https://www.camara-sl.org.ar/website/categoriaasociado/servicios-profesionales/page/2/,Directorio Cámara San Lorenzo; tamaño a validar,Sin correo público
CONSTRUCCIONES Y SERVICIOS ROCABADO S.R.L.,,,,,,,,,,,,,,,,San Lorenzo,Catamarca 523 – San Lorenzo,https://www.camara-sl.org.ar/website/categoriaasociado/servicios-profesionales/page/4/,Directorio Cámara San Lorenzo; tamaño a validar,Contacto general
CONSTRUCCIONES Y SERVICIOS AMERICA S.A.,,,,,,,,,,,luciano@americaconstrucciones.com,,,,,Rosario,Gral. López 3107 – San Lorenzo,https://www.camara-sl.org.ar/website/categoriaasociado/servicios-profesionales/page/4/,Directorio Cámara San Lorenzo; tamaño a validar,Contacto general
CONSTRUCCIONES TRES S.R.L.,,,,,,,,,,,construccionestres@c3srl.com.ar,,,,,Rosario,Chacabuco 1182- Granadero Baigorria,https://www.camara-sl.org.ar/website/categoriaasociado/servicios-profesionales/page/4/,Directorio Cámara San Lorenzo; tamaño a validar,Contacto general
CONSTRUCCIONES SL S.R.L.,,,,,,,,,,,,,,,,San Lorenzo,Tucuman 752 – San Lorenzo,https://www.camara-sl.org.ar/website/categoriaasociado/servicios-profesionales/page/4/,Directorio Cámara San Lorenzo; tamaño a validar,Sin correo público
CONSTRUCCIONES CIC S.A.,,,,,,,,,,,cicsa@cicsaingenieria.com,,,,,Rosario,San Lorenzo- Santa Fe,https://www.camara-sl.org.ar/website/categoriaasociado/servicios-profesionales/page/4/,Directorio Cámara San Lorenzo; tamaño a validar,Contacto general
Consorcio de Gestión del Puerto de San Nicolás,,,,,,,,,,,rrhh@puertosannicolas.com,,,,,San Nicolás,Av. San Martin 865 –  San Lorenzo,https://www.camara-sl.org.ar/website/categoriaasociado/servicios-profesionales/page/4/,Directorio Cámara San Lorenzo; tamaño a validar,Contacto general
CONHORMAQ S.R.L.,,,,,,,,,,,marcelogaspari@conhormaq.com.ar,,,,,Rosario,Malvinas Argentinas 74. Capitán Bermúdez,https://www.camara-sl.org.ar/website/categoriaasociado/servicios-profesionales/page/4/,Directorio Cámara San Lorenzo; tamaño a validar,Contacto general
CONEXYS S.R.L.,,,,,,,,,,,administracion@conexys.com.ar,,,,,Rosario,3 de febrero 636- San Lorenzo,https://www.camara-sl.org.ar/website/categoriaasociado/servicios-profesionales/page/4/,Directorio Cámara San Lorenzo; tamaño a validar,Contacto general
Condor Group,,,,,,,,,,,condor@condorgroup.com.ar,,,,,Pérez,Juan Ortiz 215 – Capitán Bermúdez,https://www.camara-sl.org.ar/website/categoriaasociado/servicios-profesionales/page/3/,Directorio Cámara San Lorenzo; tamaño a validar,Sin correo público
Colvinil,,,,,,,,,,,info@colvinil.com.ar,,,,,Pérez,Brown 1879 – Rosario,https://www.camara-sl.org.ar/website/categoriaasociado/servicios-profesionales/page/3/,Directorio Cámara San Lorenzo; tamaño a validar,Contacto general
COIRINI,1,NO,,,,,,,,,,,,,,,Alsina 1543 – Rosario,https://www.camara-sl.org.ar/website/categoriaasociado/servicios-profesionales/page/3/,Directorio Cámara San Lorenzo; tamaño a validar,Contacto general
COFCO INTERNATIONAL,,,,,,,,,,,info@cofcointernational.com,,,,,Puerto General San Martín,Corrientes 730 – Piso 4- dtpo. B – Rosario,https://www.camara-sl.org.ar/website/categoriaasociado/servicios-profesionales/page/3/,Directorio Cámara San Lorenzo; tamaño a validar,Contacto general
COCIVIAL S.A.,,,,,,,,,,,cocivial@cocivial.com.ar,,,,,Rosario,Belgrano 253 – San Lorenzo,https://www.camara-sl.org.ar/website/categoriaasociado/servicios-profesionales/page/3/,Directorio Cámara San Lorenzo; tamaño a validar,Contacto general
CLOROMIL,,,,,,,,,,,movilclormil@gmail.com,,,,,San Lorenzo,Entre Ríos 474 – San Lorenzo,https://www.camara-sl.org.ar/website/categoriaasociado/servicios-profesionales/page/3/,Directorio Cámara San Lorenzo; tamaño a validar,Sin correo público
CISB,,,,,,,,,,,info@cisb.com.ar,,,,,Rosario,Hipólito Yrigoyen 3680 – San Lorenzo,https://www.camara-sl.org.ar/website/categoriaasociado/servicios-profesionales/page/3/,Directorio Cámara San Lorenzo; tamaño a validar,Contacto general
CIA. ROSARINA DE DESOBSTRUCCIONES S.R.L.,,,,,,,,,,,estelacoria1@hotmail.com,,,,,Rosario,Remondino 948 – San Lorenzo,https://www.camara-sl.org.ar/website/categoriaasociado/servicios-profesionales/page/3/,Directorio Cámara San Lorenzo; tamaño a validar,Contacto general
CHL INGENIERIA Y CONSTRUCCIONES S.R.L.,,,,,,,,,,,gerencia@chlingenieria.com.ar,,,,,Rosario,Ruta Provincial 10 y Autopista Rosario-Santa Fe – San Lorenzo,https://www.camara-sl.org.ar/website/categoriaasociado/industria/,Directorio Cámara San Lorenzo; tamaño a validar,RR.HH. / empleo
Chiaza Servicios Industriales,,,,,,,,,,,empleos@chiaza.com.ar,,,,,San Lorenzo,Av. San Martin 98 – San Lorenzo,https://www.camara-sl.org.ar/website/categoriaasociado/industria/,Directorio Cámara San Lorenzo; tamaño a validar,Comercial / compras
"CENTRO ENTREGADORES DE CEREALES, OLEAGINOSAS Y AFINES",,,,,,,,,,,,,,,,San Lorenzo,Av. Cacique Mangore 14264 – Timbúes,https://www.camara-sl.org.ar/website/categoriaasociado/industria/,Directorio Cámara San Lorenzo; tamaño a validar,RR.HH. / empleo
CENBRAU S.R.L.,,,,,,,,,,,,,,,,San Lorenzo,Casilla de Correo 61 – San Lorenzo,https://www.camara-sl.org.ar/website/categoriaasociado/industria/,Directorio Cámara San Lorenzo; tamaño a validar,Contacto general
Celulosa,2,NO,,,,,,,,,,,,,,,Hipólito Yrigoyen 2900 – Puerto Gral. San Martín.,https://www.camara-sl.org.ar/website/categoriaasociado/industria/,Directorio Cámara San Lorenzo; tamaño a validar,Contacto general
CELOTTO CONSTRUCCIONES S.R.L.,,,,,,,,,,,celotto@celotto.com.ar,,,,,Rosario,Brigadier Lopez y Favaloro – Timbúes,https://www.camara-sl.org.ar/website/categoriaasociado/industria/,Directorio Cámara San Lorenzo; tamaño a validar,Sin correo público
CEDUE S.A.,,,,,,,,,,,ceduesa@gmail.com,,,,,Rosario,Castelli y Estanislao Lopez – Timbúes,https://www.camara-sl.org.ar/website/categoriaasociado/industria/,Directorio Cámara San Lorenzo; tamaño a validar,Contacto general
CEDIMET,,,,,,,,,,,ventas@cedimet.com.ar,,,,,Fray Luis Beltrán,Colectora Au. Rosario – Santa Fe 1356 – Fray Luis Beltrán,https://www.camara-sl.org.ar/website/categoriaasociado/industria/,Directorio Cámara San Lorenzo; tamaño a validar,Contacto general
CASALINGA,,,,,,,,,,,,,,,,San Lorenzo,Acceso Norte Autopista y Ruta 11 – San Lorenzo,https://www.camara-sl.org.ar/website/categoriaasociado/industria/,Directorio Cámara San Lorenzo; tamaño a validar,Contacto general
Cartopel,,,,,,,,,,,cartopel@cartopel.com.ar,,,,,Pérez,Benielli 398,https://www.camara-sl.org.ar/website/asociado/molinos-rio-de-la-plata-s-a/ | https://molinosagro.com.ar/wp-content/uploads/2025/08/MOA-Reporte-de-Sustentabilidad-2024-2025.pdf,Contacto público; validar tamaño y vigencia; correo público verificado (área Sustentabilidad),Área Sustentabilidad
CARNEVALI MARCHI S.R.L.,,,,,,,,,,,,,,,,San Lorenzo,Gob. Ramón Saavedra 298 (Ruta AO12),https://chiaza.com.ar/ingenieria-y-obras/,Contacto público; validar tamaño y vigencia,RR.HH. / empleo
carlini hnos,1,NO,,,,,,,,,compras2@carlinihnos.com.ar,,,,,,Av. Belgrano 2015,https://tpr.com.ar/ubicacion-estrategica/accesos,Contacto público; validar tamaño y vigencia,Contacto general
Cargill,1,NO,,,,,,,,,,,,,,,Córdoba 2227,https://grupoorono.com.ar/contacto,Contacto público; validar tamaño y vigencia,Contacto general
CAPSI,,,,,,,,,,,info@capsisrl.com.ar,,,,,San Lorenzo,Av. Provincias Unidas 205 bis,https://www.ternium.com/es/contactanos/nuestras-oficinas,Contacto público; validar tamaño y vigencia,Sin correo público
CAPAZE S.R.L.,,,,,,,,,,,capazesrl@gmail.com,,,,,Rosario,Av. Savio s/n,https://www.ternium.com/es/contactanos/nuestras-oficinas,Contacto público; validar tamaño y vigencia,Sin correo público
CALIDAD ASEGURADA EN AGUAS S.A.,,,,,,,,,,,ingenierosaravia@sdingenieria.com.ar,,,,,Rosario,Román Subiza 1960,https://www1.aesargentina.com.ar/es/contactanos,Contacto público; validar tamaño y vigencia,Contacto general
CAI,,,,,,,,,,,info@cai.com.ar,,,,,Pérez,Av. Román Subiza y RN 188,https://puertosannicolas.com/licitaciones/,Contacto público; validar tamaño y vigencia,RR.HH. / empleo
C.P.Q.,,,,,,,,,,,contacto@cpqsrl.com.ar,,,,,San Lorenzo,Av. Las Rosas 190,https://www.moviportsa.com.ar/,Contacto público; validar tamaño y vigencia,RR.HH. / empleo
BUNGE PLANTA,1,SI,SI,,SI,,,,,,silvia.garello@bunge.com,,,,,,Av. San Martín 475,https://stg-uy.gerdau.com/sites/uy_gerdau/files/downloadable_files/Cat%C3%A1logo%20-%20Perfiles%20W.pdf,Contacto público; validar tamaño y vigencia,Comercial / compras
BUNGE NORDLINK,1,SI,SI,,SI,,,,,,silvia.garello@bunge.com,,,,,,Eva Perón 1350,https://gemplast.com/contacto/,Contacto público; validar tamaño y vigencia,Contacto general
BRUMONT S.A.,,,,,,,,,,,pmontaldo@brumont.com.ar,,,,,Rosario,"Ruta 14 km 12,8",https://prodinsa.com.ar/contacto | https://prodinsa.com.ar/terapicos-para-semillas/,Contacto público; validar tamaño y vigencia,Contacto general
BRIMAX,,,,,,,,,,,info@brimaxargentina.com.ar,,,,,Rosario,Ruta A012 km 15,https://www.alboradasrl.com.ar/contacto-nueva/,Contacto público; validar tamaño y vigencia,Contacto general
BRICKET,,SI,NO,PRESENTACION ENVIADA,,,,,,,VENTAS@briket.com.ar,,,,La tiene alguien,,"Ruta A012 km 9,5",https://gruporm.com.ar/web/contacto/,Contacto público; validar tamaño y vigencia,Contacto general
BRAJKOVIC S.A.I.,,,,,,,,,,,obras@brayco.com.ar,,,,,San Lorenzo,"Ruta 18 km 1,7",https://www.santafe.gob.ar/boletinoficial/verPdf.php?seccion=2025%2F2025-03-13contratos.html,Contacto público; validar tamaño y vigencia,Sin correo público
BORDO ARQUITECTURA S.R.L.,,,,,,,,,,,nblanco@bordoarquitectura.com,,,,,Rosario,Av. Industria Nacional 650 y Av. Central Energía Argentina Sur 302,https://mtrsa.com.ar/contacto/,Contacto público; validar tamaño y vigencia,Contacto general
BOERO,1,SI,SI,ENVIAR PRESUPUESTO,no,vianda/ convencer p/comedor,,,,hermano de busy,apistoni@carlosboero.com.ar,3412215504,,,VIANDAS/COMEDOR,,Azucena Villaflor 815 (ex Av. San Nicolás),https://misa.com.ar/contacto/,Contacto público; validar tamaño y vigencia,RR.HH. / empleo
Bioxen,,,,,,,,,,,info@bioxen.com.ar,,,,,Pérez,Calle 3 n.º 1110,https://www.loberaz.com.ar/contacto.php,Contacto público; validar tamaño y vigencia,Contacto general
BIOCERES,,NO,,,NO,,,,,,,,,,VIANDAS,,Av. Industria Nacional y Calle 5,https://cuarepoti.com.ar/contacto/,Contacto público; validar tamaño y vigencia,Contacto general
BG PUERTO DE CABOTAJE,,,,,,,,,,,bg@guarderianauticabg.com.ar,,,,,San Lorenzo,Calle 5 Este n.º 1135,https://zapatahnos.com.ar/lista-trabajos-realizados/,Contacto público; validar tamaño y vigencia,Contacto general
BASF,1,SI,SI,,SI,COMEDOR,,,,,,3416185476,MAELA,,COMEDOR,,Calle 5 Este 1090,https://tecnoreparaciones.com.ar/Home/RRHH,Contacto público; validar tamaño y vigencia,Contacto general
BAREDES S.A.,,,,,,,,,,,,,,,,San Lorenzo,Av. Savio 1245,https://tecnoreparaciones.com.ar/Home/RRHH,Contacto público; validar tamaño y vigencia,Contacto general
BAGLIETTO,2,SI,SI,presupuesto enviado,NO,VIANDA,VIANDERIA,,,,gabriela@bagliettoestructuras.com,3416182835,gabriela,,VIANDAS,,"La Emilia, partido de San Nicolás (calle a confirmar)",https://grupolaemilia.com.ar/nuestra-historia/ | https://motomel.com.ar/preguntas-frecuentes/,Contacto público; validar tamaño y vigencia,Contacto general
AVIGLIANO,,,,,,,,,,,tecnica@aviglianosa.com.ar,,,,,San Lorenzo,Hipólito Irigoyen y Lisandro de la Torre,https://www.camara-sl.org.ar/website/asociado/alto-parana/ | https://arauco.com/argentina/contactanos/,Directorio Cámara San Lorenzo; verificar tamaño y vigencia; correo público verificado,Contacto general
Autologica,2,NO,,,,,,,,,,,,,,,Alemania 555,https://www.camara-sl.org.ar/website/asociado/avigliano-s-a/,Directorio Cámara San Lorenzo; verificar tamaño y vigencia,Contacto general
ASOCIACIÓN COOPERATIVAS ARGENTINAS Puerto Timbúes,,,,,,,,,,,,,,,,Timbúes,América 100,https://www.camara-sl.org.ar/website/asociado/bg-puerto-de-cabotaje/,Directorio Cámara San Lorenzo; verificar tamaño y vigencia,Contacto general
ARQUIMIA S.A.,,,,,,,,,,,,,,,,San Lorenzo,Av. San Martín 2474 – Fray Luis Beltrán,https://www.camara-sl.org.ar/website/asociado/cedimet-s-r-l/,Directorio Cámara San Lorenzo; verificar tamaño y vigencia,Comercial / compras
Arneg,2,NO,,,,,,,,,,,,,,,Urquiza 1101 y Dorrego 749 – San Lorenzo,https://www.camara-sl.org.ar/website/asociado/cloromil/,Directorio Cámara San Lorenzo; verificar tamaño y vigencia,Contacto general
ARMANDO S.R.L.,,,,,,,,,,,carosilvina@hotmail.com,,,,,Rosario,Parque industrial Lote III B San Lorenzo,https://www.camara-sl.org.ar/website/asociado/cpq-asociados/,Directorio Cámara San Lorenzo; verificar tamaño y vigencia,Contacto general
ARGENTAL,2,NO,,,,,,,,,,3415411669,SANDRA,,COMEDOR,,Bv. Rondeau 304 – Rosario,https://www.camara-sl.org.ar/website/asociado/green-lab/,Directorio Cámara San Lorenzo; verificar tamaño y vigencia,Contacto general
ARGELEC S.A.,,,,,,,,,,,,,,,,San Lorenzo,Suipacha 888 – San Lorenzo,https://www.camara-sl.org.ar/website/asociado/grupo-brayco/,Directorio Cámara San Lorenzo; verificar tamaño y vigencia,Contacto general
arenera alzua,1,SI,SI,presupuesto enviado,,,,,,,matias@arenasalzua.com.ar,3413703676,,,,,Bv. Sargento Cabral 1264,https://www.camara-sl.org.ar/website/asociado/irt/,Directorio Cámara San Lorenzo; verificar tamaño y vigencia,Contacto general
ARAUCO ARGENTINA,,,,,,,,,,,info@araucoargentina.com,,,,,Puerto General San Martín,Eva Perón 5095 – Rosario,https://www.camara-sl.org.ar/website/asociado/lta-motors/,Directorio Cámara San Lorenzo; verificar tamaño y vigencia,Sin correo público
ANTONINO MILISENDA S.A.,,,,,,,,,,,antoninomilisendasa@gmail.com,,,,,Rosario,Av. San Martín 150 – San Lorenzo,https://www.camara-sl.org.ar/website/asociado/marigo-perforaciones/,Directorio Cámara San Lorenzo; verificar tamaño y vigencia,Comercial / compras
Amichem SRL,,,,,,,,,,,ventas@amichem.com.ar,,,,,Pérez,Parque Industrial San Lorenzo,https://www.camara-sl.org.ar/website/asociado/mefa-ingenieria/,Directorio Cámara San Lorenzo; verificar tamaño y vigencia,Contacto general
ALUMINIOS Y VIDRIOS GROUP S.R.L.,,,,,,,,,,,pabloalacano@ayvroup.com.ar,,,,,Rosario,Hipólito Hirigoyen 890 – Puerto General San Martín,https://www.camara-sl.org.ar/website/asociado/montarfe-srl/,Directorio Cámara San Lorenzo; verificar tamaño y vigencia,Comercial / compras
ALÌ ABOGADOS,,,,,,,,,,,contacto@aliabogados.com.ar,,,,,San Lorenzo,José Marques 199 – San Lorenzo,https://www.camara-sl.org.ar/website/asociado/nequen-san-lorenzo/,Directorio Cámara San Lorenzo; verificar tamaño y vigencia,Contacto general
ALDANA AISLACIONES,,,,,,,,,,,aislacionesaldana@hotmail.com.ar,,,,,San Lorenzo,Cuba y Roca S/N,https://www.camara-sl.org.ar/website/asociado/nidera-s-a/,Directorio Cámara San Lorenzo; verificar tamaño y vigencia,Contacto general
Alborada SRL,,,,,,,,,,,recepcion@alboradasrl.com.ar,,,,,Piñero,Ruta 11 Km 25 – San lorenzo,https://www.camara-sl.org.ar/website/asociado/nouryon/ | https://fisfe.org.ar/fisfe_control/files/audios/1_1621455929_EMPRESAS-ASOCIADAS.pdf,Directorio Cámara San Lorenzo; verificar tamaño y vigencia; correo público verificado (fuente FISFE 2021; confirmar vigencia),Contacto general (verificar vigencia)
AL SERVICIO S.R.L.,,,,,,,,,,,alserviciosrl@hotmail.com,,,,,Rosario,Calle 11 y Scapigliatti / Ruta A012 Km 64- San lorenzo,https://www.camara-sl.org.ar/website/asociado/nuevo-vicentin-argentina/,Directorio Cámara San Lorenzo; verificar tamaño y vigencia,Sin correo público
AIN SERVICIOS S.R.L.,,,,,,,,,,,administracion@automatismosind.com.ar,,,,,Capitán Bermúdez,Feliciano Silva 665 – San Lorenzo,https://www.camara-sl.org.ar/website/asociado/olimar-s-a/,Directorio Cámara San Lorenzo; verificar tamaño y vigencia,Contacto general
AES Argentina — Central San Nicolás,,,,,,,,,,,rrii@aes.com,,,,,San Nicolás,Colectora Ruta 012 y Autopista Rosario – San Lorenzo,https://www.camara-sl.org.ar/website/asociado/patagonia-bioenergia-s-a/,Directorio Cámara San Lorenzo; verificar tamaño y vigencia,Contacto general
AERCOM,,,,,,,,,,,info@aercom.com.ar,,,,,Rosario,Av. Heroes de Malvinas 8608,https://www.camara-sl.org.ar/website/asociado/profertil/ | https://www.profertil.com.ar/,Directorio Cámara San Lorenzo; verificar tamaño y vigencia; correo público verificado,Contacto general
ADOLFO SARTORI S.A.,,,,,,,,,,,,,,,,San Lorenzo,Berón de Astrada 3397 – San Lorenzo,https://www.camara-sl.org.ar/website/asociado/rental-sur-s-r-l/,Directorio Cámara San Lorenzo; verificar tamaño y vigencia,Contacto general
ADOBE CONSTRUCCIONES S.R.L.,,,,,,,,,,,administracion@adobeconstrucciones.com.ar,,,,,Alvear,25 de Mayo 477 – Aldao,https://www.camara-sl.org.ar/website/asociado/servi-rio-s-a/,Directorio Cámara San Lorenzo; verificar tamaño y vigencia,Contacto general
ADIENT,1,SI,SI,en licitación,SI,,,,,,maria.sciascia@adient.com,3415967505,RODRI,,COMEDOR,,San Lorenzo 2580,https://www.camara-sl.org.ar/website/asociado/sinergia-servicios/,Directorio Cámara San Lorenzo; verificar tamaño y vigencia,Contacto general
ACEITERA GENERAL DEHEZA,,,,,,,,,,,gdeheza@agd.com.ar,,,,,Timbúes,"Fernando el católico 4214, unidad 2-02 del edificio Hayde – Rosario",https://www.camara-sl.org.ar/website/asociado/smp-seguridad/,Directorio Cámara San Lorenzo; verificar tamaño y vigencia,Contacto general
ACEIRA???,,NO,,,,,,,,,,,,,,,Gobernador Molinas 651 – Fray Luis Beltrán,https://www.camara-sl.org.ar/website/asociado/soime-s-r-l/,Directorio Cámara San Lorenzo; verificar tamaño y vigencia,Contacto general
ACA VENADO (aramak),1,NO,,,,,,,,,,,,,COMEDOR,,Ricchieri 564 –  Piso 3/4,https://www.camara-sl.org.ar/website/asociado/solamb/,Directorio Cámara San Lorenzo; verificar tamaño y vigencia,RR.HH. / empleo
AC Arquitectura e Ingeniería,,,,,,,,,,,consultas@ac.com.ar,,,,,Pérez,Hipólito Irigoyen y Costa de Río Paraná. Puerto Gral. san Martín,https://www.camara-sl.org.ar/website/asociado/terminal-6-asociados/,Directorio Cámara San Lorenzo; verificar tamaño y vigencia,Contacto general
ABC COMEX,,,,,,,,,,,,,,,,San Lorenzo,Lamadrid 358 – San lorenzo,https://www.camara-sl.org.ar/website/asociado/tork-s-a/,Directorio Cámara San Lorenzo; verificar tamaño y vigencia,Contacto general
A3 SERVICIOS CONSTRUCTIVOS,,,,,,,,,,,contacto@A3.com.ar,,,,,Funes,Ruta 10 Km. 0.2 – San lorenzo,https://www.camara-sl.org.ar/website/asociado/tranef-s-r-l/,Directorio Cámara San Lorenzo; verificar tamaño y vigencia,Contacto general
+BRAND,,,,,,,,,,,contacto@masbrandcomunicacion.com,,,,,Capitán Bermúdez,Combate Punta Quebracho s/n,https://www.camara-sl.org.ar/website/asociado/unitec-bio-s-a/ | https://www.unitecbio.com/,Directorio Cámara San Lorenzo; verificar tamaño y vigencia; correo público verificado,Contacto general