ID_EMPRESA,EMPRESA,ORIGEN,LOCALIDAD,PRIORIDAD,ESTADO_PIPELINE,CONTACTADO,RESPUESTA,LICITA,TIPO_SERVICIO,PROVEEDOR_ACTUAL,FECHA_ULT_CONTACTO,FECHA_VOLVER_CONTACTAR,MAIL_GENERAL,TELEFONO_CEL,CONTACTO_HISTORICO,TAMANO_ESTIMADO,ALERTA,COMENTARIOS_PROPIOS,OBSERVACIONES_RELEVAMIENTO,N_CONTACTOS
EMP-0001,Zapata Hnos. S.A.,Hoja 1,Ramallo / COMIRSA,,,,,,,,,,oficinatecnica@zapatahnossa.com.ar,,,,,,Web rota; canal: oficinatecnica@zapatahnossa.com.ar,0
EMP-0002,YPF,Hoja 1,San Lorenzo,,,,,,,,,,TerminalSanLorenzo@ypf.com,,,,,,Compras YPF centralizada; canal: TerminalSanLorenzo@ypf.com,0
EMP-0003,YO AMO MI CIUDAD,Hoja 1,San Lorenzo,,,,,,,,,,yoamomiciudad.sanlorenzo@gmail.com,,,,,,Canal: Facebook yoamomiciudad.sanlorenzo + gmail,0
EMP-0004,YGS CAPACITACIÓN Y CONSULTORÍA,Hoja 1,Capitán Bermúdez,,,,,,,,,,info@ygs-group.com.ar,,,,,,info@ygs-group.com.ar; página LinkedIn ~5K seguidores,0
EMP-0005,WILLIAMS ENTREGAS S.A.,Hoja 1,San Lorenzo,,,,,,,,,,rrhh@williamsagroservicios.com.ar,,,,,,,3
EMP-0006,WERK PIÑEIRO,Hoja 1,,1,,NO,,,,,,,,,,,,,"Constructora rosarina (desde 1970, obra pública y edificios). 'PIÑEIRO' prob. refiere a obra en Piñero (a validar). info@werk.com.ar / 0341 441-0078; ",0
EMP-0007,WATCHMAN,Hoja 1,Rosario,,,,,,,,,,avalero@watchman.com.ar,,,,,,,1
EMP-0008,Vipal Cauchos,Hoja 1,Pérez,,,,,,,,,,vipal@vipal.com.ar,,,,,,Solo perfiles Brasil; vipal@vipal.com.ar; FB Vipal Argentina Pérez,0
EMP-0009,VENTILAR S.A.,Hoja 1,San Lorenzo,,,,,,,,,,ventilarsa@ventilarsa.com.ar,,,,,,ventilar@ventilar.com; tel 341 7301000,0
EMP-0010,VENETUCCI,Hoja 1,San Lorenzo,,,,,,,,,,info@venetucci.net,,,,,,,2
EMP-0011,VARTECO QUÍMICA PUNTANA,Hoja 1,San Lorenzo,,,,,,,,,,gcanavesio@varteco.com.ar,,,,,,Canal: gcanavesio@varteco.com.ar (tu dato) + varteco@varteco.com.ar,0
EMP-0012,UNITEC BIO,Hoja 1,Puerto General San Martín,,,,,,,,,,info@unitecbio.com,,,,,,,2
EMP-0013,UNIDADES MÓVILES SAN LORENZO S.R.L.,Hoja 1,San Lorenzo,,,,,,,,,,,,,,,,info@umsl.com.ar; 341 3242764; módulos habitacionales,0
EMP-0014,Transelec,Hoja 1,Pérez,,,,,,,,,,mkarle@transelec.com.ar,,,,,,mkarle@transelec.com.ar (inicial sugiere Karle); distribuidora eléctrica,0
EMP-0015,TRANEF,Hoja 1,San Lorenzo,,,,,,,,,,info@tranef.com.ar,,,,,,info@tranef.com.ar; (03476) 427-555; transporte de combustibles,0
EMP-0016,TORK,Hoja 1,San Lorenzo,,,,,,,,,,administracion@torksa.com,,,,,,administracion@torksa.com; 03476-426026; estructuras metálicas y tercerización de personal (buen fit viandas),0
EMP-0017,TIGUAN S.A.,Hoja 1,Rosario,,,,,,,,,,tecnica@tiguan.com.ar,,,,,,,1
EMP-0018,Testatec,Hoja 1,Ramallo / COMIRSA,,,,,,,,,,info@testatec.com.ar,,,,,,info@testatec.com.ar,0
EMP-0019,TERSUAVE,Hoja 1,,3,,NO,,si,,,,,,3415627117,eugenia,,,,No apareció ninguna 'Eugenia' de Tersuave indexada; mantener tu contacto (cel 3415627117). Estructura visible: planta Córdoba + logística Moreno (BA),3
EMP-0020,Ternium — Centro Industrial San Nicolás,Hoja 1,San Nicolás,,,,,,,,,,,,,,,,,3
EMP-0021,Ternium — Centro Industrial Rosario,Hoja 1,Rosario,,,,,,,,,,,,,,,,,1
EMP-0022,TERMINALES Y SERVICIOS,Hoja 1,Timbúes,,,,,,,,,,postulaciones@terminalesyservicios.com.ar,,,,,,,1
EMP-0023,Terminal Puerto Rosario (TPR),Hoja 1,Rosario,,,,,,,,,,info@tpr.com.ar,,,,,,,3
EMP-0024,TERMINAL 6,Hoja 1,Puerto General San Martín,,,,,,,,,,term6@terminal6.com.ar,,,~271,,,term6@terminal6.com.ar; LinkedIn company Terminal 6 (3.680 seg.),2
EMP-0025,TENSAR,Hoja 1,,2,,NO,,,,,,,,,,,NO IDENTIFICADA — falta CUIT/dirección,,"Solo aparece Tensar Corporation (geomallas, EE.UU.). Pasame CUIT o dirección de tu base y la vuelvo a buscar",0
EMP-0026,TECNUAR S.R.L.,Hoja 1,San Lorenzo,,,,,,,,,,,,,,,,Pista socios: BO Santa Fe 04-05-2009,0
EMP-0027,TAKAY KAIPI S.A.,Hoja 1,San Lorenzo,,,,,,,,,,,,,,,,,1
EMP-0028,TAGMAS Publicidad,Hoja 1,Rosario,,,,,,,,,,scatini@tagmas.com,,,,,,,1
EMP-0029,SYLOPER,Hoja 1,Rosario,,,,,,,,,,info@syloper.com,,,,,,,1
EMP-0030,SUX SOLAR,Hoja 1,Funes,,,,,,,,,,comercial@suxsolar.com.ar,,,,,,,1
EMP-0031,styropek,Hoja 1,,1,,NO,,,,,,,,3413680150,silvina,,,,,3
EMP-0032,STC INVERSIONES,Hoja 1,Rosario,,,,,,,,,,info@stcinversiones.com.ar,,,,,,,1
EMP-0033,Sport 78 · Digital Sport,Hoja 1,Pérez,,,,,,,,,,,,,,,,LinkedIn company sport78; reviews mencionan trato directo con el dueño (sin nombre),0
EMP-0034,SOLMEC,Hoja 1,Puerto General San Martín,,,,,,,,,,admin@solmecsa.com.ar,,,,,,admin@solmecsa.com.ar; WA 341-6659303; clientes = plantas del polo,0
EMP-0035,SOLAMB,Hoja 1,San Lorenzo,,,,,,,,,,rrhh@solamb.com.ar,,,,,,,1
EMP-0036,SOL INGENIERÍA S.R.L.,Hoja 1,San Lorenzo,,,,,,,,,,sol@solingenieria.com.ar,,,,,,Muy chica; sol@solingenieria.com.ar,0
EMP-0037,SOIME,Hoja 1,Fray Luis Beltrán,,,,,,,,,,info@soime.com.ar,,,,,,Mail directo persona: lcamazon@soime.com.ar; WA 3476-595493; tel (0341) 4918600,0
EMP-0038,SMP SEGURIDAD,Hoja 1,Rosario,,,,,,,,,,fduringer@smpargentina.com,,,,VERIFICAR: dominio = distribuidora EPP,,,1
EMP-0039,SL LOGISTICS S.A.,Hoja 1,San Lorenzo,,,,,,,,,,,,,,,,Sin web ni LinkedIn identificables,0
EMP-0040,SKF,Hoja 1,,1,EN CONVERSACION,SI,SI,,VIANDAS,MARTA CURA,,,,3415502588,ACUÑA HECTOR,,,VIANDAS AL VACIO Y VEHICULO REFRIGERADO,,0
EMP-0041,SISGRA,Hoja 1,Rosario,,,,,,,,,,sisgra@sisgra.com.ar,,,,,,,1
EMP-0042,SIRIUS CONSULTORES,Hoja 1,San Lorenzo,,,,,,,,,,njbelfiore@yahoo.com.ar,,,,,,,1
EMP-0043,Sipar,Hoja 1,,2,,NO,,,,,,,,,,,,,,4
EMP-0044,SINERGIA SERVICIOS,Hoja 1,San Lorenzo,,,,,,,,,,info@sinergiaservicios.com.ar,,,,,,info@sinergiaservicios.com.ar; LinkedIn company,0
EMP-0045,SILCAR,Hoja 1,,1,ENVIAR PRESUPUESTO,si,SI,NO,,,,,llanieri@gruposilcar.com,3415454946,fernando,,,VIANDAS,,0
EMP-0046,SIECONS INGENIERÍA,Hoja 1,Rosario,,,,,,,,,,administracion@siecons.com,,,,,,,1
EMP-0047,SERVICIOS NV,Hoja 1,Rosario,,,,,,,,,,administracion@serviciosnv.com,,,,,,administracion@serviciosnv.com,0
EMP-0048,SERVICIOS INGENIERÍA PUERTO,Hoja 1,Puerto General San Martín,,,,,,,,,,administracion@consultoriasip.com.ar,,,,,,~6 empleados; administracion@consultoriasip.com.ar; 3476-541952,0
EMP-0049,SERVICIOS ER S.R.L.,Hoja 1,San Lorenzo,,,,,,,,,,,,,,,,,0
EMP-0050,SERVICIOS ELECTRICOS MAYLA,Hoja 1,Rosario,,,,,,,,,,info@maylasrl.com.ar,,,,,,info@maylasrl.com.ar,0
EMP-0051,SERVI RIO,Hoja 1,Aldao,,,,,,,,,,sanlorenzo@servirio.com.ar,,,,,,Empresa familiar; Info@servirio.com; (03476) 48-2113; socia Cámara SL,0
EMP-0052,SERVAL S.R.L.,Hoja 1,San Lorenzo,,,,,,,,,,,,,,,,Pedir contacto vía Cámara de Comercio SL (camara-sl.org.ar),0
EMP-0053,SEMAC CONSTRUCCIONES S.A.,Hoja 1,San Lorenzo,,,,,,,,,,obras@brayco.com.ar,,,100-200 (grupo Brayco),,,,0
EMP-0054,SELECTA,Hoja 1,San Lorenzo,,,,,,,,,,bruno.gazze@selectaargentina.com,,,,"VERIFICAR: es personal temporario, no helados",,,1
EMP-0055,SEGURIDAD Y RESGUARDO S.R.L.,Hoja 1,San Lorenzo,,,,,,,,,,,,,,,,,1
EMP-0056,SAVYC S.A.,Hoja 1,Rosario,,,,,,,,,,gerencia@savycsa.com.ar,,,,,,,1
EMP-0057,SAURO CONSTRUCCIONES S.R.L.,Hoja 1,Rosario,,,,,,,,,,hernanobras@hotmail.com,,,,,,,1
EMP-0058,SANIMAT PIÑEIRO,Hoja 1,,1,arranca oct,si,aceptada,no,,,,,,3416138482,abbud turco (titualar),,,,,0
EMP-0059,Sacchi,Hoja 1,Pérez,,,,,,,,,,info@sacchiweb.com.ar,,,,,,"Sacchi Hnos, art. de limpieza; WA 341 583-7991; misma dirección que Rosarpin",0
EMP-0060,S&D OBRAS Y SERVICIOS S.A.,Hoja 1,Rosario,,,,,,,,,,carlosdestefanis@sdingenieria.com.ar,,,,,,,2
EMP-0061,RV OBRAS Y SERVICIOS S.A.,Hoja 1,Alvear,,,,,,,,,,rtorres@suelosyescorias.com,,,,,,,1
EMP-0062,ROVIAL,Hoja 1,,1,,NO,,,,,,,,,,,,,,3
EMP-0063,Rosarpin,Hoja 1,Pérez,,,,,,,,,,rosarpin@rosarpin.com.ar,,,,,,,1
EMP-0064,RINAUDO CIA.CONSTRUCTORA S.R.L.,Hoja 1,Rosario,,,,,,,,,,edgardo@rinaudoconstructora.com.ar,,,,,,,1
EMP-0065,RENTAL SUR,Hoja 1,San Lorenzo,,,,,,,,,,ale.rentalsur@gmail.com,,,,,,ale.rentalsur@gmail.com (el 'ale' sugiere Alejandro/a referente),0
EMP-0066,RENOVA electroluz,Hoja 1,,1,,NO,,,,,,,,3498437598,,,,,,0
EMP-0067,RECAPADORA SAN LORENZO S.R.L.,Hoja 1,San Lorenzo,,,,,,,,,,,,,,,,,0
EMP-0068,rava,Hoja 1,,,,NO,,,,,,,,,,,NO IDENTIFICADA — falta CUIT/mail,,No hay ninguna Rava en el PIM; pasame mail/CUIT para desambiguar,0
EMP-0069,RANDSTAD,Hoja 1,San Lorenzo,,,,,,,,,,info@randstad.com.ar,,,,,,Pedir branch manager Rosario/SL vía LinkedIn company Randstad Argentina; doble ángulo: comedor propio + prescriptor en plantas donde coloca personal,3
EMP-0070,RANDOM,Hoja 1,,1,avergiuar,NO,,NO,,,,,maria.rodriguez@randon.com.ar,,,,,COMEDOR,,2
EMP-0071,R. y R. SERVICIOS,Hoja 1,Ricardone,,,,,,,,,,administracion@ryrsrl.com,,,,,,administracion@ryrsrl.com; web caída,0
EMP-0072,QMS LATAM,Hoja 1,Rosario,,,,,,,,,,qms@qmslatam.com,,,,,,WA (011) 2378-0095; certificadora ISO chica,0
EMP-0073,Puerto ADM S.R.L,Hoja 1,,1,,NO,,SI,VIANDA,,,,,34022514264,ANDRES,,,VIANDAS,,1
EMP-0074,PROYECCIÓN ELECTROLUZ S.R.L.,Hoja 1,San Lorenzo,,,,,,,,,,,,,,,,,1
EMP-0075,PROSEGUR,Hoja 1,,1,,NO,,,,,,,,3412826157,,,,VIANDAS,,3
EMP-0076,PROFERTIL,Hoja 1,Puerto General San Martín,,,,,,,,,,profertil@profertil.com.ar,,,,,,,2
EMP-0077,Prodinsa Argentina S.A.,Hoja 1,Piñero,,,,,,,,,,info@prodinsa.com.ar,,,,,,info@prodinsa.com.ar,0
EMP-0078,PROAS S.R.L.,Hoja 1,Rosario,,,,,,,,,,administracion@proassrl.com.ar,,,,,,administracion@proassrl.com.ar,0
EMP-0079,Proagro,Hoja 1,Pérez,,,,,,,,,,info@proagrolab.com.ar,,,,,,rrhh@proagrolab.com.ar; tel 0341 456-1001,0
EMP-0080,PRO GLOBAL,Hoja 1,,1,avergiuar,NO,,NO,,,,,rosario.rrhh@proglobal.com,,,,,COMEDOR,,1
EMP-0081,PRETENSADOS LITORAL S.A.S.,Hoja 1,San Lorenzo,,,,,,,,,,,,,,,,,1
EMP-0082,PRAT CONSTRUCCIONES S.A.,Hoja 1,Rosario,,,,,,,,,,nacho_ra@hotmail.com,,,,,,"nacho_ra@hotmail.com ('Nacho', apellido s/c)",0
EMP-0083,POSE S.A.,Hoja 1,Rosario,,,,,,,,,,licitaciones.posesa@gmail.com,,,,,,licitaciones.posesa@gmail.com; LinkedIn company grupopose,0
EMP-0084,POLEAS MIOR,Hoja 1,San Lorenzo,,,,,,,,,,info@poleasmior.com.ar,,,,,,,1
EMP-0085,PLANARCO S.R.L.,Hoja 1,Rosario,,,,,,,,,,mmartinovic@planarco.com.ar,,,,,,,1
EMP-0086,Pinturas San Agustin,Hoja 1,Pérez,,,,,,,,,,sucursalrosario@gruposanagustin.com.ar,,,,,,sucursalrosario@gruposanagustin.com.ar (el Renjifo RRHH que aparece es de Perú: descartado),0
EMP-0087,PINTAR,Hoja 1,San Lorenzo,,,,,,,,,,info@pintarsrl.com.ar,,,,,,Pintura industrial/granallado con dotaciones en plantas = buen fit viandas; 3476 42-2282,0
EMP-0088,PILAR CONSTRUCCIONES S.R.L.,Hoja 1,Rosario,,,,,,,,,,pilarconstruccionessrl@hotmail.com,,,,,,pilarconstruccionessrl@hotmail.com,0
EMP-0089,PH CONSTRUCTORA S.R.L.,Hoja 1,Rosario,,,,,,,,,,phconstructorasrl@gmail.com,,,,,,phconstructorasrl@gmail.com,0
EMP-0090,PESAR S.R.L.,Hoja 1,San Lorenzo,,,,,,,,,,,,,,,,"Nombre genérico, pendiente re-barrido",0
EMP-0091,PELLEGRINI MONTAJES S.R.L.,Hoja 1,Rosario,,,,,,,,,,pellegrinimontajes@fibertel.com.ar,,,,,,pellegrinimontajes@fibertel.com.ar,0
EMP-0092,PEITEL S.A.,Hoja 1,San Lorenzo,,,,,,,,,,recepcion@peitel.com.ar,,,,,,recepcion@peitel.com.ar; WA 3476-600747; servicios industriales desde 1968,0
EMP-0093,PECAM PIÑEIRO,Hoja 1,,1,CLIENTE ACTUAL,si,sin respuesta,,,,,,,,,,,,Cliente actual de Good Food (confirmado por el equipo 22-09-2026).,2
EMP-0094,PATRICELLI PABLO S.A.,Hoja 1,San Lorenzo,,,,,,,,,,,,,,,,,1
EMP-0095,PATAGONIA BIOENERGÍA,Hoja 1,Rosario,,,,,,,,,,info@patagoniabioenergia.com.ar,,,,,,,1
EMP-0096,PALCON,Hoja 1,San Lorenzo,,,,,,,,,,info@palcon.com.ar,,,,,,grupopalcon.com/contacto; LinkedIn company palconargentina,0
EMP-0097,P.G.S. S.A.,Hoja 1,Rosario,,,,,,,,,,hdacunto@pgssa.com.ar,,,,,,,1
EMP-0098,Otaño Hermanos,Hoja 1,Pérez,,,,,,,,,,recepcion@otanohnos.com.ar,,,,,,,1
EMP-0099,OSVALDO LUIS SANTILLI E HIJOS S.A.C.F.A.,Hoja 1,San Lorenzo,,,,,,,,,,,,,,,,,0
EMP-0100,Olympic San Luis SA,Hoja 1,Pérez,,,,,,,,,,ventas@olympicsanluis.com.ar,,,,,,Centro de servicios de acero desde 1979: planta con operarios = buen fit; ventas@olympicsanluis.com.ar; 341 526-4100,0
EMP-0101,OLIMAR,Hoja 1,San Lorenzo,,,,,,,,,,olimar_sanlorenzo@yahoo.com.ar,,,,,,olimar_sanlorenzo@yahoo.com.ar,0
EMP-0102,OLEXGLOBAL S.A.,Hoja 1,San Lorenzo,,,,,,,,,,,,,,,,,1
EMP-0103,OLEOHIDRAULICA MARWAL,Hoja 1,San Lorenzo,,,,,,,,,,,,,,,,"(El M. Cuitiño hallado es de Transportes Marwal, otra empresa)",0
EMP-0104,OIL CONTROL S.A.,Hoja 1,San Lorenzo,,,,,,,,,,info@oilcontrol.com.ar,,,,,,info@oilcontrol.com.ar; web JS sin contenido legible,0
EMP-0105,OBRING AEROPUERTO,Hoja 1,,1,,NO,,,,,,,,,,,,,,0
EMP-0106,OBRING,Hoja 1,,1,NECESITAMOS UNA REUNION PRESENCIAL,NO,,,,,,,,,,,,,,1
EMP-0107,NUEVO VICENTIN ARGENTINA,Hoja 1,San Lorenzo,,,,,,,,,,,,,,,,,2
EMP-0108,NOURYON,Hoja 1,San Lorenzo,,,,,,,,,,info@nouryon.com,,,,,,,4
EMP-0109,NN INGENIERÍA,Hoja 1,San Lorenzo,,,,,,,,,,nningenieria@outlook.com,,,,,,,1
EMP-0110,Nibbler SRL,Hoja 1,Pérez,,,,,,,,,,ventas@nibbler.com.ar,,,,,,ventas@nibbler.com.ar; metalúrgica 30 años,0
EMP-0111,NEQUEN SAN LORENZO,Hoja 1,San Lorenzo,,,,,,,,,,Jeronimo.martinezbo@nequensa.com.ar,,,,,,,1
EMP-0112,Neoris,Hoja 1,,1,,NO,,,,,,,,,,,,,,1
EMP-0113,NEHCON CONSTRUCCIONES S.R.L.,Hoja 1,Rosario,,,,,,,,,,nehconconstruccionessrl@gmail.com,,,,,,FB Nehcon; 0341-156940323,0
EMP-0114,MUNDO CONSTRUCCIONES,Hoja 1,,1,,SI,NO,,,,,,maidana@mundo-sa.com.ar,,,,,VIENE A LA CARCEL DE PINEIRO,,1
EMP-0115,MTR S.A. Logística Portuaria,Hoja 1,Ramallo / COMIRSA,,,,,,,,,,consultas@mtr-sa.com.ar,,,,,,consultas@mtr-sa.com.ar; pendiente re-barrido,0
EMP-0116,MS VINILOS,Hoja 1,San Lorenzo,,,,,,,,,,msvinilosdeco@gmail.com,,,,,,Micro (cartelería); WA 3476-582994,0
EMP-0117,MRT TRANSPORTE,Hoja 1,Puerto Gral. San Martín,,,,,,,,,,mrtsanlorenzo@grupoberaldi.com,,,,,,,1
EMP-0118,MoviPort S.A.,Hoja 1,San Nicolás,,,,,,,,,,rrhh@moviportsa.com.ar,,,~66,,,,2
EMP-0119,Morelli,Hoja 1,Pérez,,,,,,,,,,melisa@morelli.com.ar,,,,,,,1
EMP-0120,MONTARFE,Hoja 1,Puerto General San Martín,,,,,,,,,,ventas@montarfesrl.com.ar,,,,,,Ferretería industrial + grúas; ventas@montarfesrl.com.ar; WA 3476352148,0
EMP-0121,MONGE CONSTRUCCIONES S.A.,Hoja 1,San Lorenzo,,,,,,,,,,rrhh@mongesa.com.ar,,,,,,rrhh@mongesa.com.ar directo; 03476-460083,0
EMP-0122,Molinos Agro,Hoja 1,San Lorenzo,,,,,,,,,,sustentabilidad@molinosagro.com.ar,,,,,,,3
EMP-0123,MOLINO CAÑUELAS,Hoja 1,,1,,NO,,,,,,,,,,,,,,4
EMP-0124,MN INGENIERIA Y SOLUCIONES S.A.S.,Hoja 1,Rosario,,,,,,,,,,luis.montaoo@mningenieria.com.ar,,,,,,,1
EMP-0125,MINIELLO & CIA,Hoja 1,San Lorenzo,,,,,,,,,,administracion@minielloycia.com,,,,,,,1
EMP-0126,MILICIC,Hoja 1,,1,ENVIADO,SI,,NO,VIANDAS,NADIE,09/09,,,,,,,VIANDA,,4
EMP-0127,Metalúrgica Industrial S.A. (MISA),Hoja 1,Ramallo / COMIRSA,,,,,,,,,,alberico@misa.com.ar,,,,,,,2
EMP-0128,Metalsur,Hoja 1,,1,,NO,,,,,,,,,,,,,Sin presencia en LinkedIn; llamar 0341 492-8490 / 492-4250 (Av. San Martín 2939 VGG) y pedir administración/compras,2
EMP-0129,METALIZA S.A.,Hoja 1,San Lorenzo,,,,,,,,,,info@metaliza.com.ar,,,,,,,1
EMP-0130,MERCONOR S.R.L.,Hoja 1,San Lorenzo,,,,,,,,,,,,,,,,,1
EMP-0131,Mercator SA,Hoja 1,Pérez,,,,,,,,,,mercator@mercator.com.ar,,,,VERIFICAR: importadora bazar,,OJO: importadora de bazar/cocina; verificar operación Pérez; WA (011) 7608-4078,0
EMP-0132,MEFA INGENIERÍA,Hoja 1,San Lorenzo,,,,,,,,,,administracion@mefaingenieria.com.ar,,,,,,administracion@mefaingenieria.com.ar; WA 3476 356073,0
EMP-0133,MECALL S.R.L.,Hoja 1,Rosario,,,,,,,,,,administracion@mecallsrl.com.ar,,,,,,,1
EMP-0134,Mastergom,Hoja 1,Pérez,,,,,,,,,,cauchos@mastergom.com.ar,,,,,,Admin: cauchos@mastergom.com.ar WA 341 619-1147,0
EMP-0135,MARIGO PERFORACIONES,Hoja 1,San Lorenzo,,,,,,,,,,ventas@marigo.com.ar,,,,,,Fundada 1961; preguntar por los Marigo; 03476-423003,0
EMP-0136,MARCHI DEPOT,Hoja 1,Fray Luis Beltrán,,,,,,,,,,administracion@marchidepotsa.com.ar,,,,,,Depósito fiscal; WA 341 491-7267; titular probable apellido Marchi,0
EMP-0137,MARANO SERVICIOS,Hoja 1,San Lorenzo,,,,,,,,,,mssteelframing@gmail.com,,,,,,Muy chica; 3476-642230,0
EMP-0138,MANUFACTURING ENGINEERING FANTONI ALEJANDRO S.R.L.,Hoja 1,San Lorenzo,,,,,,,,,,,,,,,,,1
EMP-0139,MAN INGENIERIA,Hoja 1,San Lorenzo,,,,,,,,,,contacto@maningenieria.ar,,,,,,,1
EMP-0140,Maincal,Hoja 1,Pérez,,,,,,,,,,contacto@maincal.com.ar,,,201-500,,,RUBRO CORREGIDO: calzado de seguridad (Funcional/Voran) 201-500 empleados: GRAN target; RRHH 341-6393508; maincal.hiringroom.com,2
EMP-0141,MADERO CONSTRUCCIONES S.R.L.,Hoja 1,Rosario,,,,,,,,,,contacto@grupomadero.com.ar,,,,,,contacto@grupomadero.com.ar; WA 341 250-9387,0
EMP-0142,LTA MOTORS,Hoja 1,Rosario,,,,,,,,,,,,,,,,Centro FOTON vinculado a Grupo Corven; contacto@ltamotors.com.ar,0
EMP-0143,LOS TANOS AGROSERVICIOS,Hoja 1,San Lorenzo,,,,,,,,,,info@lostanosagro.com,,,,,,info@lostanosagro.com; 341-3369943,0
EMP-0144,LONERA CENTENARIO,Hoja 1,Puerto Gral. San Martín,,,,,,,,,,loneracentenario@gmail.com,,,,,,,1
EMP-0145,LOGISTICA CUYO S.A.,Hoja 1,San Lorenzo,,,,,,,,,,,,,,,,,0
EMP-0146,Logimet,Hoja 1,Pérez,,,,,,,,,,ventas@logimet.com.ar,,,,,,,1
EMP-0147,Loberaz S.A.,Hoja 1,Ramallo / COMIRSA,,,,,,,,,,loberaz@loberaz.com.ar,,,,,,,1
EMP-0148,LLANEADOS ROSARIO S.R.L.,Hoja 1,San Lorenzo,,,,,,,,,,,,,,,,,0
EMP-0149,limpito,Hoja 1,,1,VIANDAS,NO,,,,,,,,,,,,,Insumos de higiene: posible proveedor-aliado más que cliente; (0341) 456-7450,0
EMP-0150,Liliana,Hoja 1,,1,COMEDOR,NO,,,,,,,Mcazorla@liliana.com.ar,,,,,,,0
EMP-0151,LEGALES FLORES PIAZZA,Hoja 1,San Lorenzo,,,,,,,,,,abogadaflorespiazza@gmail.com,,,,,,,1
EMP-0152,LAROMET S.A.,Hoja 1,Rosario,,,,,,,,,,licitaciones@laromet.com.ar,,,,,,RUBRO CORREGIDO: constructora (no metalúrgica); compras@laromet.com.ar; 341 4808210,0
EMP-0153,Laboratorio Quimeco SRL,Hoja 1,Pérez,,,,,,,,,,administracion@quimeco.com.ar,,,,,,info@quimeco.com.ar; 341 4327472,0
EMP-0154,la virginia,Hoja 1,,1,VIANDAS,SI,,,,,,,,3413364450,EDUARDO,,,,,2
EMP-0155,LA CASA DE LA CONSTRUCCIÓN S.R.L.,Hoja 1,San Lorenzo,,,,,,,,,,,,,,,,Corralón; WA 3476-666546,0
EMP-0156,KRONE S.A.,Hoja 1,San Lorenzo,,,,,,,,,,,,,,,,Estructuras metálicas (personal de planta = fit viandas); administracion@krone-sa.com.ar; WA 3476-551189,0
EMP-0157,Juan Navarro SA,Hoja 1,Pérez,,,,,,,,,,rosario@jnavarro.com.ar,,,,,,GANCHO: nueva planta inaugurada en Pérez; central (0341) 526-3999 pedir RRHH/Admin; 8 sucursales,0
EMP-0158,IZUCO S.A.,Hoja 1,San Lorenzo,,,,,,,,,,,,,,,,Pendiente re-barrido,0
EMP-0159,Ivanar,Hoja 1,,1,,SI,NO,,,,,,compras@ivanar.com.ar,,,,,,ivanarsa@ivanar.com.ar + tu compras@ivanar.com.ar; RRHH vía ivanar.com.ar/trabajar-en-ivanar,1
EMP-0160,ISA INDEPENDENT SHIP AGENTS,Hoja 1,San Lorenzo,,,,,,,,,,isa@isa-agents.com.ar,,,,,,,1
EMP-0161,IRT,Hoja 1,San Lorenzo,,,,,,,,,,sanlorenzo@irt.com.ar,,,,VERIFICAR: dominio = medicina laboral,,irt.com.ar = medicina laboral (no mantenimiento); confirmar cuál es tu prospecto; sanlorenzo@irt.com.ar,0
EMP-0162,INGENIERIA Y SERVICIOS DELGADO S.A.,Hoja 1,Rosario,,,,,,,,,,ingyserv.sa@gmail.com,,,,,,,1
EMP-0163,INGENIERÍA UNO,Hoja 1,Rosario,,,,,,,,,,administracion@ingenieriauno.com.ar,,,,,,recursoshumanos@ingenieriauno.com.ar (casilla RRHH propia),0
EMP-0164,INGENIERÍA BOGGIO S.A.,Hoja 1,San Lorenzo,,,,,,,,,,sanlorenzo@ingenieriaboggio.com.ar,,,,,,Distribuidora eléctrica; (0341) 436-2640; WA 3415 32-3060,0
EMP-0165,INGENIERIA & PILOTES S.R.L.,Hoja 1,Rosario,,,,,,,,,,licitaciones@ingenieriaypilotes.com.ar,,,,,,38 empleados + operarios en obra = buen fit; Admin 0341-152812000,0
EMP-0166,ING. RINALDI Y ASOC. S.A,Hoja 1,Rosario,,,,,,,,,,milagros@rinaldiconstrucciones.com,,,,,,,2
EMP-0167,ING. PELLEGINET S.A.,Hoja 1,San Lorenzo,,,,,,,,,,,,,,,,Sin web; pendiente re-barrido,0
EMP-0168,ING. PEDRO MINERVINO S.A.,Hoja 1,Rosario,,,,,,,,,,administracion@minervinosa.com.ar,,,,,,,1
EMP-0169,INFYA SRL,Hoja 1,Pérez,,,,,,,,,,administracion@infyasrl.com.ar,,,,,,Planta de tableros/montajes con ISO: fit viandas; 341 681-6000; info@infya.ar,0
EMP-0170,INDUSTRIAS SECCO,Hoja 1,,1,,NO,,,,,,,,,,+2000,,,+2000 empleados; compras@secco.com.ar para alta de proveedores; 0341 409-4000; RRHH vía secco.hiringroom.com,3
EMP-0171,INDUSOIL SERRVICIOS S.R.L.,Hoja 1,San Lorenzo,,,,,,,,,,,,,,,,Web vacía; pendiente,0
EMP-0172,IMG RENTAL,Hoja 1,San Lorenzo,,,,,,,,,,comercial@imgrental.com.ar,,,,,,En expansión; comercial@imgrental.com.ar; WA 341 671-1644,0
EMP-0173,IMEI INGLES,Hoja 1,San Lorenzo,,,,,,,,,,imeiingles@yahoo.com.ar,,,,,,Instituto chico; baja prioridad,0
EMP-0174,IMCO CONSTRUCTORA S.R.L.,Hoja 1,Rosario,,,,,,,,,,gerencia@imcoconstructora.com,,,,,,gerencia@imcoconstructora.com ya apunta a gerencia,0
EMP-0175,ICS CONSULTORIA INDUSTRIAL,Hoja 1,Capitán Bermúdez,,,,,,,,,,,,,,,,,1
EMP-0176,HORMIGONERA DEL LITORAL S.A.,Hoja 1,Rosario,,,,,,,,,,ing.jquiroga@gmail.com,,,,,,,1
EMP-0177,HERNANDEZ Y BAGNERES,Hoja 1,Rosario,,,,,,,,,,mgatti@hernandez-bagneres.com.ar,,,,,,,1
EMP-0178,HEREDIA PREMOLDEADOS,Hoja 1,San Lorenzo,,,,,,,,,,,,,,,,,1
EMP-0179,HEFU Argentina,Hoja 1,Pérez,,,,,,,,,,administracion@hefuargentina.com.ar,,,,,,,1
EMP-0180,Hefesto SRL,Hoja 1,Pérez,,,,,,,,,,hefesto@arnet.com.ar,,,,,,,1
EMP-0181,HECTOR GERMÁN LARRAYA S.R.L.,Hoja 1,San Lorenzo,,,,,,,,,,,,,,,,,1
EMP-0182,HARDFACING S.R.L.,Hoja 1,San Lorenzo,,,,,,,,,,,,,,,,,1
EMP-0183,GUERRERO – PAGODA,Hoja 1,San Lorenzo,,,,,,,,,,ventas474@guerrero.com.ar,,,,,,,1
EMP-0184,GTM,Hoja 1,Alvear,,,,,,,,,,Info@gtmsrl.com.ar,,,,,,Grúas/transporte pesado; WA 341-4001808,0
EMP-0185,Grupo Rosario Máquinas,Hoja 1,Piñero,,,,,,,,,,info@gruporm.com.ar,,,,,,WA 341 310-4454,0
EMP-0186,Grupo Oroño,Hoja 1,Rosario,,,,,,,,,,info@grupoorono.com.ar,,,,,,,1
EMP-0187,Grupo La Emilia / Motomel,Hoja 1,La Emilia (San Nicolás),,,,,,,,,,responde@motomel.com.ar,,,,,,,3
EMP-0188,GRUPO DH,Hoja 1,Capitán Bermúdez,,,,,,,,,,info@dhsh.com.ar,,,,,,,1
EMP-0189,GRUPO DELCO S.R.L.,Hoja 1,Rosario,,,,,,,,,,delco@delcosrl.com.ar,,,,,,Constructora obra pública; delco@delcosrl.com.ar,0
EMP-0190,GRUPO BRAYCO,Hoja 1,San Lorenzo,,,,,,,,,,info@brayco.com.ar,,,,Mismo grupo que SEMAC/Brajkovic,,100-200 empleados (Dunsguide): gran comedor potencial; obras@brayco.com.ar; LinkedIn company braycoargentina,2
EMP-0191,GRUPO AMZ,Hoja 1,Granadero Baigorria,,,,,,,,,,amzrescate@gmail.com,,,,,,,1
EMP-0192,GRIMACO S.R.L.,Hoja 1,Rosario,,,,,,,,,,eduardoraffo@grimaco.com.ar,,,,,,,1
EMP-0193,GREEN LAB,Hoja 1,Rosario,,,,,,,,,,hola@greenlab.com.ar,,,,,,,1
EMP-0194,GRAMMATICO SERVICIOS,Hoja 1,San Lorenzo,,,,,,,,,,info@grammatico.com.ar,,,,,,OJO: es empresa de limpieza para empresas (posible aliado/competidor de facility); 03476-670666,0
EMP-0195,GLOBBAL MILLS S.R.L.,Hoja 1,San Lorenzo,,,,,,,,,,,,,,,,Tecnología de molinería; FB GlobbalMills,0
EMP-0196,GLOBAL ACCELERATOR S.R.L.,Hoja 1,Rosario,,,,,,,,,,acceleratorglobal@gmail.com,,,,,,,1
EMP-0197,GIER S.R.L.,Hoja 1,Piñero,,,,,,,,,,,,,,,,,1
EMP-0198,Gerdau — Planta Pérez,Hoja 1,Pérez,,,,,,,,,,gerdauventas@gerdau.com,,,272 (ZoomInfo),DUPLICADO de Sipar,,,0
EMP-0199,GENTE DE RÍO SERVICIOS FLUVIALES,Hoja 1,San Lorenzo,,,,,,,,,,ops@gentederio.com.ar,,,,,,Familiar +30 años; WA 03476-423084,0
EMP-0200,Gemplast / Geminelli S.A.,Hoja 1,Pérez,,,,,,,,,,info@gemplast.com.ar,,,,,,,1
EMP-0201,GEK EXCAVACIONES,Hoja 1,Fray Luis Beltrán,,,,,,,,,,contacto@gekexcavaciones.com.ar,,,,,,2-10 empleados: prioridad baja,0
EMP-0202,FYO,Hoja 1,,3,,NO,,NO,,,,,,3416114868,federico,+400,,,,3
EMP-0203,FUNDEMAP,Hoja 1,San Lorenzo,,,,,,,,,,rrhh@fundemap.com.ar,,,,,,,1
EMP-0204,FUGRAN,Hoja 1,Puerto General San Martín,,,,,,,,,,rr.hh@fugran.com,,,,,,,2
EMP-0205,Freschi,Hoja 1,Pérez,,,,,,,,,,gpfreschi@yahoo.com.ar,,,,,,gpfreschi@yahoo.com.ar: preguntar por Sr./Sra. Freschi,0
EMP-0206,Freplast SRL,Hoja 1,Pérez,,,,,,,,,,ventas@freplast.com.ar,,,,,,Admin directa: 341 609-8910,0
EMP-0207,Fremec,Hoja 1,Pérez,,,,,,,,,,ventas@fremec.com.ar,,,,,,"MÁS GRANDE de lo anotado: cables de comando, planta 12.000 m2, exporta a 12 países — vale visita",0
EMP-0208,FREIJE Y FREIJE CONSTRUCTORA,Hoja 1,Capitán Bermúdez,,,,,,,,,,proveedoresfreije@freijeyfreijeconstructorasrl.com,,,,,,,1
EMP-0209,FRANCAR,Hoja 1,San Lorenzo,,,,,,,,,,francar.productosindustriales@gmail.com,,,,,,Ferretería industrial; 341-5892389,0
EMP-0210,FRANBE S.A.,Hoja 1,Rosario,,,,,,,,,,memiliasanti@hotmail.com,,,,,,,1
EMP-0211,FLEXIO,Hoja 1,,1,Presupuesto,NO,,,,,,,personal@flexio.com.ar,,,,,,Estructuras metálicas ISO 9001; tu personal@flexio.com.ar = casilla RRHH; tel 341 5477777,0
EMP-0212,FIUME,Hoja 1,,1,,NO,,NO,,,,,,,,,NO IDENTIFICADA,,Único Fiume en Rosario es tienda de ropa; pasame CUIT/tel para desambiguar,0
EMP-0213,FEGA S.A.,Hoja 1,Rosario,,,,,,,,,,patriciaamorelli@hotmail.com,,,,,,,1
EMP-0214,Facar,Hoja 1,Pérez,,,,,,,,,,ventas@facar.com.ar,,,,,,RUBRO CORREGIDO: premoldeados de hormigón (desde 1927); 341 753-8431,0
EMP-0215,FAC Servicios Industriales,Hoja 1,San Lorenzo,,,,,,,,,,facserviciosind@gmail.com,,,,,,Familiar 2001; WA 3476-350618,0
EMP-0216,EYCOM Servicios,Hoja 1,San Lorenzo,,,,,,,,,,eycomservicios@gmail.com,,,,,,,1
EMP-0217,EXPRESS CORP,Hoja 1,Rosario,,,,,,,,,,,,,,NO IDENTIFICADA,,Pasame CUIT/mail para desambiguar,0
EMP-0218,EVONIK,Hoja 1,,1,PRESENTACION ENVIADA,SI,SI,SI,VIANDA,VIANDERIA,,12/25,matias.gonzalez@evonik.com,34156182835,MATIAS,~28 en 3 turnos,,,,2
EMP-0219,ESTUDIO JURÌDICO BARRINAT,Hoja 1,San Lorenzo,,,,,,,,,,estudiobarrinataux@gmail.com,,,,,,"Chico, pero lleva RRHH de pymes: posible PRESCRIPTOR; WA 3476-397580",0
EMP-0220,ESSENTY,Hoja 1,San Lorenzo,,,,,,,,,,veronicatamagno@gmail.com,,,,,,,1
EMP-0221,EQUIPAMIENTO SAN LORENZO,Hoja 1,San Lorenzo,,,,,,,,,,ventas@equipamientosanlorenzo.com,,,,,,Control de derrames/defensas portuarias; ventas@equipamientosanlorenzo.com,0
EMP-0222,EPRECO,Hoja 1,,1,ANDRES,NO,,,,,,,,,,501-1000 (LinkedIn),,,,1
EMP-0223,EPRECCO PIÑEIRO,Hoja 1,,1,arranca oct,si,aceptado,no,vianda,papagayo,1309,,,3415029950,marcelo titular,,DUPLICADO de EPRECO,,,0
EMP-0224,ELECTRO CONSTRUCTORA S.R.L.,Hoja 1,Rosario,,,,,,,,,,federico@electroconstructorasrl.com.ar,,,,,,,1
EMP-0225,EL LIBERTADOR,Hoja 1,San Lorenzo,,,,,,,,,,operaciones@ellibertador.net,,,,,,Traslados/fletes; 03476-428747,0
EMP-0226,EL HAUAR,Hoja 1,San Lorenzo,,,,,,,,,,p_mayotto@elahuar.com,,,,,,,1
EMP-0227,EDILIZIA S.A.,Hoja 1,Rosario,,,,,,,,,,administracion@edilizia.com.ar,,,,,,,1
EMP-0228,EDECA PIÑEIRO,Hoja 1,,1,,NO,,,,,,,,,,,,,,1
EMP-0229,ECOAIRES,Hoja 1,Funes,,,,,,,,,,marcos@ecoaires.com.ar,,,,,,,1
EMP-0230,ECA INGENIERÍA,Hoja 1,Puerto General San Martín,,,,,,,,,,,,,,,,Opera planta de revisión técnica; 3476-456000,0
EMP-0231,DYSCON,Hoja 1,,1,enviado,NO,,no,,,,,,,,,NO IDENTIFICADA,,Pasame CUIT o localidad,0
EMP-0232,DUAMAK S.A.,Hoja 1,Rosario,,,,,,,,,,md@duamak.com.ar,,,,,,,1
EMP-0233,Droguería 20 de Junio,Hoja 1,Pérez,,,,,,,,,,info@drogueria20dejunio.com.ar,,,,,,,1
EMP-0234,Dreyfus,Hoja 1,,3,,NO,,,,,,,,,,,,,,0
EMP-0235,DINALE PIÑEIRO,Hoja 1,,1,CLIENTE ACTUAL,NO,,,,,,,,,,,,,Cliente actual de Good Food (confirmado por el equipo 22-09-2026).,1
EMP-0236,Detexa SRL,Hoja 1,Pérez,,,,,,,,,,detexaros@detexasrl.com.ar,,,,,,,1
EMP-0237,DEROSARIO SERVICIOS S.R.L.,Hoja 1,Rosario,,,,,,,,,,derosarioservicios@hotmail.com,,,201-500 (LinkedIn),,,,1
EMP-0238,DEPROP S.R.L.,Hoja 1,Rosario,,,,,,,,,,depropsrl@gmail.com,,,,,,,1
EMP-0239,Delta Vial,Hoja 1,San Nicolás,,,,,,,,,,info@deltavial.com.ar,,,,,,Web caída; info@deltavial.com.ar,0
EMP-0240,DEL SOL CONSTRUCTORA S.A.,Hoja 1,Rosario,,,,,,,,,,delsol@delsol.com.ar,,,,,,,1
EMP-0241,DATAWISE,Hoja 1,Rosario,,,,,,,,,,diego.garcia@datawise.com.ar,,,,,,,1
EMP-0242,DANES,Hoja 1,,,viandas,SI,NO,,,,,,,3415781373,ALDANA,,NO IDENTIFICADA — pedir a Aldana,lo tiene vianderia hace poco. podemos hablar con rrhh para proponer comedor,Pedile a tu contacto 'Aldana' apellido y razón social,0
EMP-0243,CVO,Hoja 1,,1,licita,NO,,SI,,,,3/26,compras@cvosa.com.ar,3412120992,,~76 + contratistas,,,,4
EMP-0244,Cuarepoti,Hoja 1,Ramallo / COMIRSA,,,,,,,,,,cuarepoti@cuarepoti.com.ar,,,,,,Soldadura industrial; (336) 4347644,0
EMP-0245,Crystal Rock SA,Hoja 1,Pérez,,,,,,,,,,contacto@crystalrock.com.ar,,,,,,"Importadora bazar, +6000 m2 depósito (personal = viandas); (0341) 526-3930",0
EMP-0246,CRISKEY,Hoja 1,San Lorenzo,,,,,,,,,,,,,,,,Sin rastro web ni cámara,0
EMP-0247,CREAR SOLUCIONES Y SERVICIOS,Hoja 1,San Lorenzo,,,,,,,,,,crearsolucionesyservicios@gmail.com,,,,,,Mantenimiento edilicio; WA 3476661565,0
EMP-0248,CRAVER’S TOURS,Hoja 1,Rosario,,,,,,,,,,craverogabriel@hotmail.com,,,,,,,1
EMP-0249,CRABSA S.A.,Hoja 1,Rosario,,,,,,,,,,crabsa@fibertel.com.ar,,,,,,,1
EMP-0250,COTRASER LTDA.,Hoja 1,Rosario,,,,,,,,,,cotralyfltda@hotmail.com,,,,,,Cooperativa de trabajo de mantenimiento,0
EMP-0251,CORTEVA AGRISCIENCE,Hoja 1,Puerto Gral. San Martín,,,,,,,,,,infoargentina@corteva.com,,,+120 operarios planta,,,,1
EMP-0252,CORREO ANDREANI,Hoja 1,San Lorenzo,,,,,,,,,,gconesa@andreani.com,,,,,,,2
EMP-0253,Cormetal S.A.,Hoja 1,Pérez,,,,,,,,,,cormetal@cormetalsa.com.ar,,,,,,No confundir con Cormetal de Villa María; WA +54 341 2154694,0
EMP-0254,CONYLOG S.R.L.,Hoja 1,Alvear,,,,,,,,,,ctimoszuk@conylog.com.ar,,,,,,,1
EMP-0255,CONSULTORES DE EMPRESAS,Hoja 1,San Lorenzo,,,,,,,,,,info@consultoresdeempresas.com,,,,,,Consultora RRHH nacional (7000 tercerizados): cliente Y posible aliado; WA 351 8006936,0
EMP-0256,CONSTRUCCIONES Y SERVICIOS ROCABADO S.R.L.,Hoja 1,San Lorenzo,,,,,,,,,,,,,,,,Mov. de suelos +50 años; WA 0341-155836782,0
EMP-0257,CONSTRUCCIONES Y SERVICIOS AMERICA S.A.,Hoja 1,Rosario,,,,,,,,,,luciano@americaconstrucciones.com,,,,,,,1
EMP-0258,CONSTRUCCIONES TRES S.R.L.,Hoja 1,Rosario,,,,,,,,,,construccionestres@c3srl.com.ar,,,,,,,1
EMP-0259,CONSTRUCCIONES SL S.R.L.,Hoja 1,San Lorenzo,,,,,,,,,,,,,,,,Montaje de tanques (cuadrillas = viandas en obra); 0341-4915389,0
EMP-0260,CONSTRUCCIONES CIC S.A.,Hoja 1,Rosario,,,,,,,,,,cicsa@cicsaingenieria.com,,,,,,cicsa@cicsaingenieria.com; 341-4821938,0
EMP-0261,Consorcio de Gestión del Puerto de San Nicolás,Hoja 1,San Nicolás,,,,,,,,,,rrhh@puertosannicolas.com,,,,,,,1
EMP-0262,CONHORMAQ S.R.L.,Hoja 1,Rosario,,,,,,,,,,marcelogaspari@conhormaq.com.ar,,,,,,,1
EMP-0263,CONEXYS S.R.L.,Hoja 1,Rosario,,,,,,,,,,administracion@conexys.com.ar,,,,,,,1
EMP-0264,Condor Group,Hoja 1,Pérez,,,,,,,,,,condor@condorgroup.com.ar,,,,,,,1
EMP-0265,Colvinil,Hoja 1,Pérez,,,,,,,,,,info@colvinil.com.ar,,,,,,Adhesivos/pinturas +37 años; administracion@colvinil.com.ar; WA 341 5504370,0
EMP-0266,COIRINI,Hoja 1,,1,,NO,,,,,,,,,,,,,,1
EMP-0267,COFCO INTERNATIONAL,Hoja 1,Puerto General San Martín,,,,,,,,,,info@cofcointernational.com,,,,,,,4
EMP-0268,COCIVIAL S.A.,Hoja 1,Rosario,,,,,,,,,,cocivial@cocivial.com.ar,,,,,,,1
EMP-0269,CLOROMIL,Hoja 1,San Lorenzo,,,,,,,,,,movilclormil@gmail.com,,,,,,,1
EMP-0270,CISB,Hoja 1,Rosario,,,,,,,,,,info@cisb.com.ar,,,,,,Contacto directo: alejandra@cisb.com.ar; WA 341-6911691; informática,0
EMP-0271,CIA. ROSARINA DE DESOBSTRUCCIONES S.R.L.,Hoja 1,Rosario,,,,,,,,,,estelacoria1@hotmail.com,,,,,,,1
EMP-0272,CHL INGENIERIA Y CONSTRUCCIONES S.R.L.,Hoja 1,Rosario,,,,,,,,,,gerencia@chlingenieria.com.ar,,,,,,,1
EMP-0273,Chiaza Servicios Industriales,Hoja 1,San Lorenzo,,,,,,,,,,empleos@chiaza.com.ar,,,,,,,1
EMP-0274,"CENTRO ENTREGADORES DE CEREALES, OLEAGINOSAS Y AFINES",Hoja 1,San Lorenzo,,,,,,,,,,,,,,,,,1
EMP-0275,CENBRAU S.R.L.,Hoja 1,San Lorenzo,,,,,,,,,,,,,,,,,1
EMP-0276,Celulosa,Hoja 1,,2,,NO,,,,,,,,,,,,,,0
EMP-0277,CELOTTO CONSTRUCCIONES S.R.L.,Hoja 1,Rosario,,,,,,,,,,celotto@celotto.com.ar,,,,,,,1
EMP-0278,CEDUE S.A.,Hoja 1,Rosario,,,,,,,,,,ceduesa@gmail.com,,,,,,Constructora activa (avisos en LinkedIn); ceduesa@gmail.com,0
EMP-0279,CEDIMET,Hoja 1,Fray Luis Beltrán,,,,,,,,,,ventas@cedimet.com.ar,,,,,,,1
EMP-0280,CASALINGA,Hoja 1,San Lorenzo,,,,,,,,,,,,,,,,Sin rastro web,0
EMP-0281,Cartopel,Hoja 1,Pérez,,,,,,,,,,cartopel@cartopel.com.ar,,,,,,Comercializadora de cartón/librería; OJO: los perfiles 'Cartopel SAI' de LinkedIn son de ECUADOR — no contactar,0
EMP-0282,CARNEVALI MARCHI S.R.L.,Hoja 1,San Lorenzo,,,,,,,,,,,,,,,,,1
EMP-0283,carlini hnos,Hoja 1,,1,,NO,,,,,,,compras2@carlinihnos.com.ar,,,,,,,1
EMP-0284,Cargill,Hoja 1,,1,,NO,,,,,,,,,,,,,,3
EMP-0285,CAPSI,Hoja 1,San Lorenzo,,,,,,,,,,info@capsisrl.com.ar,,,,,,Servicios industriales con naves propias; WA 3476-536501,0
EMP-0286,CAPAZE S.R.L.,Hoja 1,Rosario,,,,,,,,,,capazesrl@gmail.com,,,,,,capazesrl@gmail.com,0
EMP-0287,CALIDAD ASEGURADA EN AGUAS S.A.,Hoja 1,Rosario,,,,,,,,,,ingenierosaravia@sdingenieria.com.ar,,,,MISMO grupo que S&D/SADE,,,1
EMP-0288,CAI,Hoja 1,Pérez,,,,,,,,,,info@cai.com.ar,,,,NO IDENTIFICADA,,Web placeholder; pasame CUIT o referencia,0
EMP-0289,C.P.Q.,Hoja 1,San Lorenzo,,,,,,,,,,contacto@cpqsrl.com.ar,,,,,,Química (solventes/antiaglomerantes); WA 3476-691881,0
EMP-0290,BUNGE PLANTA,Hoja 1,,1,,SI,SI,SI,,,,,silvia.garello@bunge.com,,,,,,,6
EMP-0291,BUNGE NORDLINK,Hoja 1,,1,,SI,SI,SI,,,,,silvia.garello@bunge.com,,,,,,,0
EMP-0292,BRUMONT S.A.,Hoja 1,Rosario,,,,,,,,,,pmontaldo@brumont.com.ar,,,,,,,1
EMP-0293,BRIMAX,Hoja 1,Rosario,,,,,,,,,,info@brimaxargentina.com.ar,,,,,,,1
EMP-0294,BRICKET,Hoja 1,,,PRESENTACION ENVIADA,SI,NO,,,,,,VENTAS@briket.com.ar,,,~420 operarios,,La tiene alguien,,1
EMP-0295,BRAJKOVIC S.A.I.,Hoja 1,San Lorenzo,,,,,,,,,,obras@brayco.com.ar,,,,,,,0
EMP-0296,BORDO ARQUITECTURA S.R.L.,Hoja 1,Rosario,,,,,,,,,,nblanco@bordoarquitectura.com,,,,,,,1
EMP-0297,BOERO,Hoja 1,,1,ENVIAR PRESUPUESTO,SI,SI,no,vianda/ convencer p/comedor,,,,apistoni@carlosboero.com.ar,3412215504,hermano de busy,,,VIANDAS/COMEDOR,,2
EMP-0298,Bioxen,Hoja 1,Pérez,,,,,,,,,,info@bioxen.com.ar,,,,,,,1
EMP-0299,BIOCERES,Hoja 1,,,,NO,,NO,,,,,,,,,,VIANDAS,,2
EMP-0300,BG PUERTO DE CABOTAJE,Hoja 1,San Lorenzo,,,,,,,,,,bg@guarderianauticabg.com.ar,,,,,,Guardería náutica chica; 03476-428529,0
EMP-0301,BASF,Hoja 1,,1,,SI,SI,SI,COMEDOR,,,,,3416185476,MAELA,,,COMEDOR,,1
EMP-0302,BAREDES S.A.,Hoja 1,San Lorenzo,,,,,,,,,,,,,,,,Sin web ni cámara; pedir dato a Cámara SL (03476-221101),0
EMP-0303,BAGLIETTO,Hoja 1,,2,presupuesto enviado,SI,SI,NO,VIANDA,VIANDERIA,,,gabriela@bagliettoestructuras.com,3416182835,gabriela,,,VIANDAS,,1
EMP-0304,AVIGLIANO,Hoja 1,San Lorenzo,,,,,,,,,,tecnica@aviglianosa.com.ar,,,,,,Montajes industriales; (03476) 422201,0
EMP-0305,Autologica,Hoja 1,,2,,NO,,,,,,,,,,,,,,1
EMP-0306,ASOCIACIÓN COOPERATIVAS ARGENTINAS Puerto Timbúes,Hoja 1,Timbúes,,,,,,,,,,,,,,,,,1
EMP-0307,ARQUIMIA S.A.,Hoja 1,San Lorenzo,,,,,,,,,,,,,,,,,1
EMP-0308,Arneg,Hoja 1,,2,,NO,,,,,,,,,,,,,,2
EMP-0309,ARMANDO S.R.L.,Hoja 1,Rosario,,,,,,,,,,carosilvina@hotmail.com,,,,,,,1
EMP-0310,ARGENTAL,Hoja 1,,2,,NO,,,,,,,,3415411669,SANDRA,,,COMEDOR,,1
EMP-0311,ARGELEC S.A.,Hoja 1,San Lorenzo,,,,,,,,,,,,,,,,,1
EMP-0312,arenera alzua,Hoja 1,,1,presupuesto enviado,SI,SI,,,,,,matias@arenasalzua.com.ar,3413703676,,,,,,1
EMP-0313,ARAUCO ARGENTINA,Hoja 1,Puerto General San Martín,,,,,,,,,,info@araucoargentina.com,,,,,,,1
EMP-0314,ANTONINO MILISENDA S.A.,Hoja 1,Rosario,,,,,,,,,,antoninomilisendasa@gmail.com,,,,,,Demolición/mov. de suelos; antoninomilisendasa@gmail.com,0
EMP-0315,Amichem SRL,Hoja 1,Pérez,,,,,,,,,,ventas@amichem.com.ar,,,,,,,1
EMP-0316,ALUMINIOS Y VIDRIOS GROUP S.R.L.,Hoja 1,Rosario,,,,,,,,,,pabloalacano@ayvroup.com.ar,,,,,,,1
EMP-0317,ALÌ ABOGADOS,Hoja 1,San Lorenzo,,,,,,,,,,contacto@aliabogados.com.ar,,,,,,Estudio chico; (03476) 428105,0
EMP-0318,ALDANA AISLACIONES,Hoja 1,San Lorenzo,,,,,,,,,,aislacionesaldana@hotmail.com.ar,,,,,,Andamios/aislaciones; (03476) 423059,0
EMP-0319,Alborada SRL,Hoja 1,Piñero,,,,,,,,,,recepcion@alboradasrl.com.ar,,,,,,Rubro real: servicios para el agro; recepcion@alboradasrl.com.ar,0
EMP-0320,AL SERVICIO S.R.L.,Hoja 1,Rosario,,,,,,,,,,alserviciosrl@hotmail.com,,,,,,Construcción; alserviciosrl@hotmail.com,0
EMP-0321,AIN SERVICIOS S.R.L.,Hoja 1,Capitán Bermúdez,,,,,,,,,,administracion@automatismosind.com.ar,,,,,,administracion@automatismosind.com.ar; 341-656-5418,0
EMP-0322,AES Argentina — Central San Nicolás,Hoja 1,San Nicolás,,,,,,,,,,rrii@aes.com,,,,,,,2
EMP-0323,AERCOM,Hoja 1,Rosario,,,,,,,,,,info@aercom.com.ar,,,,,,,1
EMP-0324,ADOLFO SARTORI S.A.,Hoja 1,San Lorenzo,,,,,,,,,,,,,,,,,1
EMP-0325,ADOBE CONSTRUCCIONES S.R.L.,Hoja 1,Alvear,,,,,,,,,,administracion@adobeconstrucciones.com.ar,,,,,,,1
EMP-0326,ADIENT,Hoja 1,,1,en licitación,SI,SI,SI,,,,,maria.sciascia@adient.com,3415967505,RODRI,,CERRADA: dejó el país 06/2026,COMEDOR,,0
EMP-0327,ACEITERA GENERAL DEHEZA,Hoja 1,Timbúes,,,,,,,,,,gdeheza@agd.com.ar,,,,,,,3
EMP-0328,ACEIRA???,Hoja 1,,,,NO,,,,,,,,,,,Casi seguro = Acindar (duplicado),,,0
EMP-0329,ACA VENADO (aramak),Hoja 1,,1,,NO,,,,,,,,,,,SITIO NO CONFIRMADO,COMEDOR,ACA no publica sede en Venado Tuerto; 'Aramark como proveedor actual' sin verificar; central ACA 0800-666-8400,0
EMP-0330,AC Arquitectura e Ingeniería,Hoja 1,Pérez,,,,,,,,,,consultas@ac.com.ar,,,,,,rrhh@ac.com.ar; WA 341 3983317; ISO 9001,0
EMP-0331,ABC COMEX,Hoja 1,San Lorenzo,,,,,,,,,,,,,,VERIFICAR: web es de Reconquista,,La web abc-comex.com.ar es de un despachante de RECONQUISTA: posible homónimo,0
EMP-0332,A3 SERVICIOS CONSTRUCTIVOS,Hoja 1,Funes,,,,,,,,,,contacto@A3.com.ar,,,,,,contacto@A3.com.ar,0
EMP-0333,+BRAND,Hoja 1,Capitán Bermúdez,,,,,,,,,,contacto@masbrandcomunicacion.com,,,,,,,1
EMP-0334,Cargill Argentina,COMEDORES,VGG / PGSM,,,,,,,,,,,,,,,,,0
EMP-0335,Louis Dreyfus Company (LDC),COMEDORES,General Lagos / Timbúes,,,,,,,,,,,,,,,,,7
EMP-0336,Bunge Argentina,COMEDORES,Puerto Gral. San Martín,,,,,,,,,,,,,,,,,0
EMP-0337,Renova S.A.,Sugerida,Timbúes,,,,,,,,,,,,,,,,,4
EMP-0338,Acindar ArcelorMittal,COMEDORES (Aceria),Villa Constitución,,,,,,,,,,,,,,,,,7
EMP-0339,Metalsur / Marcopolo Argentina,COMEDORES,VGG,,,,,,,,,,,,,,,,,0
EMP-0340,Electrolux Argentina,COMEDORES,Rosario,,,,,,,,,,,,,,,,,4
EMP-0341,Liliana Electrodomésticos,COMEDORES,Rosario,,,,,,,,,,,,,,,,,3
EMP-0342,Frigorífico Paladini,COMEDORES,VGG,,,,,,,,,,,,,,,,,4
EMP-0343,Swift Argentina (Minerva),COMEDORES,VGG,,,,,,,,,,,,,,,,,5
EMP-0344,Unilever Planta VGG,COMEDORES,VGG,,,,,,,,,,,,,,,,,3
EMP-0345,Cafés La Virginia,COMEDORES,Rosario,,,,,,,,,,,,,~502,,,,2
EMP-0346,Makro Argentina (Cencosud),COMEDORES,Rosario,,,,,,,,,,,,,,Comprada por Cencosud 2025 (transición),,,3
EMP-0347,PepsiCo Argentina,COMEDORES,BA (sin planta Rosario),,,,,,,,,,,,,,,,,1
EMP-0348,Celulosa Argentina,COMEDORES,Capitán Bermúdez,,,,,,,,,,,,,,,,,3
EMP-0349,BASF Planta General Lagos,COMEDORES,General Lagos,,,,,,,,,,,,,,,,,1
EMP-0350,Air Liquide Argentina,COMEDORES,Rosario / San Lorenzo,,,,,,,,,,,,,,,,,4
EMP-0351,Wiener Laboratorios,COMEDORES,Rosario,,,,,,,,,,,,,,,,,3
EMP-0352,Terragene,COMEDORES,Alvear,,,,,,,,,,,,,,,,,3
EMP-0353,Exiros (compras Ternium/Techint),Derivada Ternium,San Nicolás / BA,,,,,,,,,,,,,,,,,4
EMP-0354,Tremblay,COMEDORES (sin relevar),,,,,,,,,,,,,,,,,,0
EMP-0355,La Sibila,COMEDORES (sin relevar),,,,,,,,,,,,,,,,,,0
EMP-0356,Crowe,COMEDORES (sin relevar),Rosario,,,,,,,,,,,,,,,,,0
EMP-0357,SBI,COMEDORES (sin relevar),,,,,,,,,,,,,,,,,,0
EMP-0358,Bolsa de Comercio de Rosario,COMEDORES (sin relevar),Rosario,,,,,,,,,,,,,,,,,0
EMP-0359,Rogiro Aceros,COMEDORES (sin relevar),,,,,,,,,,,,,,,,,,0
EMP-0360,FMC,COMEDORES (sin relevar),,,,,,,,,,,,,,,,,,0
EMP-0361,Bambi,COMEDORES (sin relevar),,,,,,,,,,,,,,,,,,0
EMP-0362,Fric-Rot (Tenneco),COMEDORES (sin relevar),Rosario,,,,,,,,,,,,,,,,,0
EMP-0363,Dupont,COMEDORES (sin relevar),,,,,,,,,,,,,,,,,,0
EMP-0364,Civic,COMEDORES (sin relevar),,,,,,,,,,,,,,,,,,0
EMP-0365,La Elena,COMEDORES (sin relevar),,,,,,,,,,,,,,,,,,0
EMP-0366,Fexa Aluminio,COMEDORES (sin relevar),,,,,,,,,,,,,,,,,,0
EMP-0367,Droguería Suizo Argentina,COMEDORES (sin relevar),Rosario,,,,,,,,,,,,,,,,,0
EMP-0368,Brunetti Hnos,COMEDORES (sin relevar),,,,,,,,,,,,,,,,,,0
EMP-0369,Bunker,COMEDORES (sin relevar),,,,,,,,,,,,,,,,,,0
EMP-0370,Nestlé,COMEDORES (sin relevar),,,,,,,,,,,,,,,,,,0
EMP-0371,Metalfor,COMEDORES (sin relevar),,,,,,,,,,,,,,,,,,0
EMP-0372,Zymtom,COMEDORES (sin relevar),,,,,,,,,,,,,,,,,,0
EMP-0373,Kelerof,COMEDORES (sin relevar),,,,,,,,,,,,,,,,,,0
EMP-0374,Baterías Bracheta,COMEDORES (sin relevar),,,,,,,,,,,,,,,,,,0
EMP-0375,Cufer,COMEDORES (sin relevar),,,,,,,,,,,,,,,,,,0
EMP-0376,SEABOARD Energías Renovables,Detectada en relevamiento,San Lorenzo (ex-Vicentin),,,,,,,,,,,,,,,,,0
